[
    {
        "name": "Fajar",
        "azan": "2020-10-24T06:27:00.000Z",
        "iqamah": "2020-10-24T06:45:00.000Z"
    },
    {
        "name": "Zuhar",
        "azan": "2020-10-24T13:24:00.000Z",
        "iqamah": "2020-10-24T14:00:00.000Z"
    },
    {
        "name": "Asr",
        "azan": "2020-10-24T17:17:00.000Z",
        "iqamah": "2020-10-24T18:00:00.000Z"
    },
    {
        "name": "Maghrib",
        "azan": "2020-10-24T18:58:00.000Z"
    },
    {
        "name": "Isha",
        "azan": "2020-10-24T20:18:00.000Z",
        "iqamah": "2020-10-24T20:30:00.000Z"
    },
    {
        "name": "Shurooq",
        "time": "2020-10-24T07:52:00.000Z"
    }
]
// masjiddashboard.com prayer for a day
{
    "successful": true,
    "message": "Prayer found.",
    "fieldErrors": {},
    "target": {
        "date": "2016-01-01T00:00:00.000Z",
        "hijriString": null,
        "fajr": "06:15",
        "fajrIqama": "06:30",
        "dhuhr": "12:44",
        "dhuhrIqama": "13:30",
        "asr": "16:04",
        "asrIqama": "16:30",
        "maghrib": "17:44",
        "maghribIqama": "5 Mins",
        "isha": "19:10",
        "ishaIqama": "19:30",
        "sunrise": "07:45",
        "fajrChange": "06:15",
        "fajrChangeDate": "2020-02-08T00:00:00.000Z",
        "dhuhrChange": "13:00",
        "dhuhrChangeDate": "2020-04-14T00:00:00.000Z",
        "asrChange": "17:00",
        "asrChangeDate": "2020-01-09T00:00:00.000Z",
        "maghribChange": null,
        "maghribChangeDate": null,
        "ishaChange": "19:45",
        "ishaChangeDate": "2020-01-16T00:00:00.000Z"
    }
}

// masjiddashboard.com prayers for a year
{
    "successful": true,
    "message": null,
    "fieldErrors": {},
    "target": [
        {
            "month": {
                "number": 1,
                "name": "January"
            },
            "prayers": [
                {
                    "date": "2020-01-01T00:00:00.000Z",
                    "hijriString": "1441/05/06",
                    "fajr": "06:15",
                    "fajrIqama": "06:30",
                    "dhuhr": "12:44",
                    "dhuhrIqama": "13:30",
                    "asr": "16:04",
                    "asrIqama": "16:30",
                    "maghrib": "17:44",
                    "maghribIqama": "",
                    "isha": "19:10",
                    "ishaIqama": "19:30",
                    "sunrise": "07:45",
                    "fajrChange": null,
                    "fajrChangeDate": null,
                    "dhuhrChange": null,
                    "dhuhrChangeDate": null,
                    "asrChange": null,
                    "asrChangeDate": null,
                    "maghribChange": null,
                    "maghribChangeDate": null,
                    "ishaChange": null,
                    "ishaChangeDate": null
                }
            ]
        },
        {
            "month": {
                "number": 2,
                "name": "February"
            },
            "prayers": [
                {
                    "date": "2020-02-01T00:00:00.000Z",
                    "hijriString": "1441/06/07",
                    "fajr": "06:10",
                    "fajrIqama": "06:30",
                    "dhuhr": "12:54",
                    "dhuhrIqama": "13:30",
                    "asr": "16:33",
                    "asrIqama": "17:00",
                    "maghrib": "18:13",
                    "maghribIqama": "",
                    "isha": "19:35",
                    "ishaIqama": "19:45",
                    "sunrise": "07:37",
                    "fajrChange": null,
                    "fajrChangeDate": null,
                    "dhuhrChange": null,
                    "dhuhrChangeDate": null,
                    "asrChange": null,
                    "asrChangeDate": null,
                    "maghribChange": null,
                    "maghribChangeDate": null,
                    "ishaChange": null,
                    "ishaChangeDate": null
                },
                {
                    "date": "2020-02-02T00:00:00.000Z",
                    "hijriString": "1441/06/08",
                    "fajr": "06:09",
                    "fajrIqama": "06:30",
                    "dhuhr": "12:54",
                    "dhuhrIqama": "13:30",
                    "asr": "16:34",
                    "asrIqama": "17:00",
                    "maghrib": "18:14",
                    "maghribIqama": "",
                    "isha": "19:36",
                    "ishaIqama": "20:00",
                    "sunrise": "07:36",
                    "fajrChange": null,
                    "fajrChangeDate": null,
                    "dhuhrChange": null,
                    "dhuhrChangeDate": null,
                    "asrChange": null,
                    "asrChangeDate": null,
                    "maghribChange": null,
                    "maghribChangeDate": null,
                    "ishaChange": null,
                    "ishaChangeDate": null
                }
            ]
        }
    ]
}
// masjiddashboard.com configuration
[
    {
        "name": "jumah_prayer",
        "value": "2pm"
    },
    {
        "name": "hijri_adjust_days",
        "value": "0"
    },
    {
        "name": "clock_type",
        "value": "1"
    },
    {
        "name": "maghrib_iqama",
        "value": "5 Mins"
    }
]
// masjidhamzah.com prayer
{
    "id": "662",
    "prayer_date": "2013-10-23",
    "fajr_athan": "0000-00-00 06:40:00",
    "fajr_iqama": "0000-00-00 07:00:00",
    "thuhr_athan": "0000-00-00 13:22:00",
    "thuhr_iqama": "0000-00-00 14:00:00",
    "asr_athan": "0000-00-00 16:30:00",
    "asr_iqama": "0000-00-00 17:30:00",
    "maghrib_athan": "0000-00-00 18:55:00",
    "maghrib_iqama": "5 Min",
    "isha_athan": "0000-00-00 20:04:00",
    "isha_iqama": "0000-00-00 20:30:00",
    "shurooq": "0000-00-00 07:48:00",
    "maghrib_change": "0000-00-00 18:54:00",
    "maghrib_change_date": "2020-10-24",
    "fajr_change": "0000-00-00 06:15:00",
    "fajr_change_date": "2020-11-03",
    "asr_change": "0000-00-00 16:00:00",
    "asr_change_date": "2020-11-03",
    "isha_change": "0000-00-00 20:00:00",
    "isha_change_date": "2020-11-03"
}
// masjidhamzah.com jummah
[
    {
        "id": 14,
        "kutuba_date": "2020-10-17",
        "khateeb": "2pm:Shaikh Isa 2:40pm:Br.Tareef"
    },
    {
        "id": 15,
        "kutuba_date": "2020-10-24",
        "khateeb": "2pm:Shaikh Isa    2:40pm:Br.Tareef"
    }
]




const sunriseTime = stringH24MinToDate(now, prayer.sunrise)
const currentPrayerPeriod = getCurrentPrayerPeriod(now, prayerTimes);
const timeBetweenShrooqAndZuhar = isTimeBetweenShrooqAndZuhar(now, prayerTimes[
    1
], sunriseTime);
const prayerInProgressMillis = getPrayerInProgressMillis(now, currentPrayerPeriod);
const prayerAboutToStartMillis = getPrayerAboutToStartMillis(now, currentPrayerPeriod);
const nextPrayerInMillis = getNextPrayerInMillis(now, currentPrayerPeriod);
const currentPrayerName = getCurrentPrayerName(currentPrayerPeriod, timeBetweenShrooqAndZuhar);
const currentPrayerNumber = getCurrentPrayerNumber(currentPrayerPeriod, timeBetweenShrooqAndZuhar);

// Name and location
Masjid Hamzah
Alpharetta GA

// Prayer Name
DUHAR

// Jammat status
Jammat about to start in
00:05:49
// Next
Asr azan will be called in
02: 30: 35