"1","2013-01-01","0000-00-00 06:14:00","0000-00-00 06:35:00","0000-00-00 12:40:00","0000-00-00 14:00:00","0000-00-00 15:20:00","0000-00-00 16:15:00","0000-00-00 17:38:00","2 Min","0000-00-00 18:52:00","0000-00-00 19:45:00","0000-00-00 07:42:00"
"2","2013-01-02","0000-00-00 06:14:00","0000-00-00 06:35:00","0000-00-00 12:41:00","0000-00-00 14:00:00","0000-00-00 15:21:00","0000-00-00 16:15:00","0000-00-00 17:39:00","2 Min","0000-00-00 18:53:00","0000-00-00 19:45:00","0000-00-00 07:43:00"
"3","2013-01-03","0000-00-00 06:14:00","0000-00-00 06:35:00","0000-00-00 12:42:00","0000-00-00 14:00:00","0000-00-00 15:22:00","0000-00-00 16:15:00","0000-00-00 17:40:00","2 Min","0000-00-00 18:54:00","0000-00-00 19:45:00","0000-00-00 07:43:00"
"4","2013-01-04","0000-00-00 06:15:00","0000-00-00 06:35:00","0000-00-00 12:42:00","0000-00-00 14:00:00","0000-00-00 15:23:00","0000-00-00 16:15:00","0000-00-00 17:41:00","2 Min","0000-00-00 18:55:00","0000-00-00 19:45:00","0000-00-00 07:43:00"
"5","2013-01-05","0000-00-00 06:15:00","0000-00-00 06:35:00","0000-00-00 12:43:00","0000-00-00 14:00:00","0000-00-00 15:23:00","0000-00-00 16:15:00","0000-00-00 17:42:00","2 Min","0000-00-00 18:56:00","0000-00-00 19:45:00","0000-00-00 07:43:00"
"6","2013-01-06","0000-00-00 06:15:00","0000-00-00 06:35:00","0000-00-00 12:43:00","0000-00-00 14:00:00","0000-00-00 15:23:00","0000-00-00 16:15:00","0000-00-00 17:42:00","2 Min","0000-00-00 18:56:00","0000-00-00 19:45:00","0000-00-00 07:43:00"
"7","2013-01-07","0000-00-00 06:15:00","0000-00-00 06:35:00","0000-00-00 12:44:00","0000-00-00 14:00:00","0000-00-00 15:25:00","0000-00-00 16:15:00","0000-00-00 17:43:00","2 Min","0000-00-00 18:57:00","0000-00-00 19:45:00","0000-00-00 07:43:00"
"8","2013-01-08","0000-00-00 06:15:00","0000-00-00 06:35:00","0000-00-00 12:44:00","0000-00-00 14:00:00","0000-00-00 15:26:00","0000-00-00 16:15:00","0000-00-00 17:44:00","2 Min","0000-00-00 18:58:00","0000-00-00 19:45:00","0000-00-00 07:43:00"
"9","2013-01-09","0000-00-00 06:15:00","0000-00-00 06:35:00","0000-00-00 12:44:00","0000-00-00 14:00:00","0000-00-00 15:26:00","0000-00-00 16:15:00","0000-00-00 17:45:00","2 Min","0000-00-00 18:59:00","0000-00-00 19:45:00","0000-00-00 07:43:00"
"10","2013-01-10","0000-00-00 06:15:00","0000-00-00 06:35:00","0000-00-00 12:45:00","0000-00-00 14:00:00","0000-00-00 15:27:00","0000-00-00 16:15:00","0000-00-00 17:46:00","2 Min","0000-00-00 18:59:00","0000-00-00 19:45:00","0000-00-00 07:43:00"
"11","2013-01-11","0000-00-00 06:15:00","0000-00-00 06:35:00","0000-00-00 12:45:00","0000-00-00 14:00:00","0000-00-00 15:28:00","0000-00-00 16:15:00","0000-00-00 17:47:00","2 Min","0000-00-00 19:00:00","0000-00-00 19:45:00","0000-00-00 07:43:00"
"12","2013-01-12","0000-00-00 06:15:00","0000-00-00 06:35:00","0000-00-00 12:46:00","0000-00-00 14:00:00","0000-00-00 15:29:00","0000-00-00 16:15:00","0000-00-00 17:48:00","2 Min","0000-00-00 19:01:00","0000-00-00 19:45:00","0000-00-00 07:43:00"
"13","2013-01-13","0000-00-00 06:15:00","0000-00-00 06:35:00","0000-00-00 12:46:00","0000-00-00 14:00:00","0000-00-00 15:29:00","0000-00-00 16:15:00","0000-00-00 17:48:00","2 Min","0000-00-00 19:01:00","0000-00-00 19:45:00","0000-00-00 07:43:00"
"14","2013-01-14","0000-00-00 06:15:00","0000-00-00 06:35:00","0000-00-00 12:46:00","0000-00-00 14:00:00","0000-00-00 15:31:00","0000-00-00 16:15:00","0000-00-00 17:49:00","2 Min","0000-00-00 19:03:00","0000-00-00 19:45:00","0000-00-00 07:43:00"
"15","2013-01-15","0000-00-00 06:15:00","0000-00-00 06:35:00","0000-00-00 12:47:00","0000-00-00 14:00:00","0000-00-00 15:31:00","0000-00-00 16:30:00","0000-00-00 17:50:00","2 Min","0000-00-00 19:04:00","0000-00-00 19:45:00","0000-00-00 07:42:00"
"16","2013-01-16","0000-00-00 06:15:00","0000-00-00 06:35:00","0000-00-00 12:47:00","0000-00-00 14:00:00","0000-00-00 15:32:00","0000-00-00 16:30:00","0000-00-00 17:51:00","2 Min","0000-00-00 19:04:00","0000-00-00 19:45:00","0000-00-00 07:42:00"
"17","2013-01-17","0000-00-00 06:15:00","0000-00-00 06:35:00","0000-00-00 12:48:00","0000-00-00 14:00:00","0000-00-00 15:33:00","0000-00-00 16:30:00","0000-00-00 17:52:00","2 Min","0000-00-00 19:05:00","0000-00-00 19:45:00","0000-00-00 07:42:00"
"18","2013-01-18","0000-00-00 06:14:00","0000-00-00 06:35:00","0000-00-00 12:48:00","0000-00-00 14:00:00","0000-00-00 15:34:00","0000-00-00 16:30:00","0000-00-00 17:53:00","2 Min","0000-00-00 19:06:00","0000-00-00 19:45:00","0000-00-00 07:42:00"
"19","2013-01-19","0000-00-00 06:14:00","0000-00-00 06:35:00","0000-00-00 12:48:00","0000-00-00 14:00:00","0000-00-00 15:35:00","0000-00-00 16:30:00","0000-00-00 17:54:00","2 Min","0000-00-00 19:07:00","0000-00-00 19:45:00","0000-00-00 07:41:00"
"20","2013-01-20","0000-00-00 06:14:00","0000-00-00 06:35:00","0000-00-00 12:48:00","0000-00-00 14:00:00","0000-00-00 15:35:00","0000-00-00 16:30:00","0000-00-00 17:54:00","2 Min","0000-00-00 19:07:00","0000-00-00 19:45:00","0000-00-00 07:41:00"
"21","2013-01-21","0000-00-00 06:14:00","0000-00-00 06:35:00","0000-00-00 12:48:00","0000-00-00 14:00:00","0000-00-00 15:36:00","0000-00-00 16:30:00","0000-00-00 17:55:00","2 Min","0000-00-00 19:08:00","0000-00-00 19:45:00","0000-00-00 07:41:00"
"22","2013-01-22","0000-00-00 06:13:00","0000-00-00 06:35:00","0000-00-00 12:49:00","0000-00-00 14:00:00","0000-00-00 15:37:00","0000-00-00 16:30:00","0000-00-00 17:57:00","2 Min","0000-00-00 19:10:00","0000-00-00 19:45:00","0000-00-00 07:40:00"
"23","2013-01-23","0000-00-00 06:13:00","0000-00-00 06:35:00","0000-00-00 12:49:00","0000-00-00 14:00:00","0000-00-00 15:38:00","0000-00-00 16:30:00","0000-00-00 17:58:00","2 Min","0000-00-00 19:10:00","0000-00-00 19:45:00","0000-00-00 07:40:00"
"24","2013-01-24","0000-00-00 06:13:00","0000-00-00 06:35:00","0000-00-00 12:50:00","0000-00-00 14:00:00","0000-00-00 15:39:00","0000-00-00 16:30:00","0000-00-00 17:59:00","2 Min","0000-00-00 19:11:00","0000-00-00 19:45:00","0000-00-00 07:39:00"
"25","2013-01-25","0000-00-00 06:12:00","0000-00-00 06:35:00","0000-00-00 12:50:00","0000-00-00 14:00:00","0000-00-00 15:40:00","0000-00-00 16:30:00","0000-00-00 18:00:00","2 Min","0000-00-00 19:12:00","0000-00-00 19:45:00","0000-00-00 07:39:00"
"26","2013-01-26","0000-00-00 06:12:00","0000-00-00 06:35:00","0000-00-00 12:50:00","0000-00-00 14:00:00","0000-00-00 15:41:00","0000-00-00 16:30:00","0000-00-00 18:01:00","2 Min","0000-00-00 19:13:00","0000-00-00 19:45:00","0000-00-00 07:38:00"
"27","2013-01-27","0000-00-00 06:11:00","0000-00-00 06:35:00","0000-00-00 12:50:00","0000-00-00 14:00:00","0000-00-00 15:42:00","0000-00-00 16:30:00","0000-00-00 18:02:00","2 Min","0000-00-00 19:14:00","0000-00-00 19:45:00","0000-00-00 07:38:00"
"28","2013-01-28","0000-00-00 06:11:00","0000-00-00 06:35:00","0000-00-00 12:50:00","0000-00-00 14:00:00","0000-00-00 15:42:00","0000-00-00 16:30:00","0000-00-00 18:02:00","2 Min","0000-00-00 19:14:00","0000-00-00 19:45:00","0000-00-00 07:38:00"
"29","2013-01-29","0000-00-00 06:10:00","0000-00-00 06:35:00","0000-00-00 12:51:00","0000-00-00 14:00:00","0000-00-00 15:43:00","0000-00-00 16:30:00","0000-00-00 18:04:00","2 Min","0000-00-00 19:16:00","0000-00-00 19:45:00","0000-00-00 07:37:00"
"30","2013-01-30","0000-00-00 06:10:00","0000-00-00 06:35:00","0000-00-00 12:51:00","0000-00-00 14:00:00","0000-00-00 15:44:00","0000-00-00 16:30:00","0000-00-00 18:05:00","2 Min","0000-00-00 19:17:00","0000-00-00 19:45:00","0000-00-00 07:36:00"
"31","2013-01-31","0000-00-00 06:09:00","0000-00-00 06:35:00","0000-00-00 12:51:00","0000-00-00 14:00:00","0000-00-00 15:45:00","0000-00-00 16:30:00","0000-00-00 18:06:00","2 Min","0000-00-00 19:17:00","0000-00-00 19:45:00","0000-00-00 07:35:00"
"32","2013-02-01","0000-00-00 06:09:00","0000-00-00 06:30:00","0000-00-00 12:51:00","0000-00-00 14:00:00","0000-00-00 15:46:00","0000-00-00 16:45:00","0000-00-00 18:07:00","2 Min","0000-00-00 19:18:00","0000-00-00 20:00:00","0000-00-00 07:35:00"
"33","2013-02-02","0000-00-00 06:08:00","0000-00-00 06:30:00","0000-00-00 12:51:00","0000-00-00 14:00:00","0000-00-00 15:47:00","0000-00-00 16:45:00","0000-00-00 18:08:00","2 Min","0000-00-00 19:19:00","0000-00-00 20:00:00","0000-00-00 07:34:00"
"34","2013-02-03","0000-00-00 06:08:00","0000-00-00 06:30:00","0000-00-00 12:51:00","0000-00-00 14:00:00","0000-00-00 15:48:00","0000-00-00 16:45:00","0000-00-00 18:09:00","2 Min","0000-00-00 19:20:00","0000-00-00 20:00:00","0000-00-00 07:33:00"
"35","2013-02-04","0000-00-00 06:07:00","0000-00-00 06:30:00","0000-00-00 12:51:00","0000-00-00 14:00:00","0000-00-00 15:48:00","0000-00-00 16:45:00","0000-00-00 18:09:00","2 Min","0000-00-00 19:20:00","0000-00-00 20:00:00","0000-00-00 07:33:00"
"36","2013-02-05","0000-00-00 06:06:00","0000-00-00 06:30:00","0000-00-00 12:52:00","0000-00-00 14:00:00","0000-00-00 15:48:00","0000-00-00 16:45:00","0000-00-00 18:10:00","2 Min","0000-00-00 19:21:00","0000-00-00 20:00:00","0000-00-00 07:32:00"
"37","2013-02-06","0000-00-00 06:05:00","0000-00-00 06:30:00","0000-00-00 12:52:00","0000-00-00 14:00:00","0000-00-00 15:50:00","0000-00-00 16:45:00","0000-00-00 18:12:00","2 Min","0000-00-00 19:23:00","0000-00-00 20:00:00","0000-00-00 07:31:00"
"38","2013-02-07","0000-00-00 06:05:00","0000-00-00 06:30:00","0000-00-00 12:52:00","0000-00-00 14:00:00","0000-00-00 15:51:00","0000-00-00 16:45:00","0000-00-00 18:13:00","2 Min","0000-00-00 19:24:00","0000-00-00 20:00:00","0000-00-00 07:30:00"
"39","2013-02-08","0000-00-00 06:04:00","0000-00-00 06:30:00","0000-00-00 12:52:00","0000-00-00 14:00:00","0000-00-00 15:51:00","0000-00-00 16:45:00","0000-00-00 18:14:00","2 Min","0000-00-00 19:24:00","0000-00-00 20:00:00","0000-00-00 07:29:00"
"40","2013-02-09","0000-00-00 06:03:00","0000-00-00 06:30:00","0000-00-00 12:52:00","0000-00-00 14:00:00","0000-00-00 15:52:00","0000-00-00 16:45:00","0000-00-00 18:15:00","2 Min","0000-00-00 19:25:00","0000-00-00 20:00:00","0000-00-00 07:28:00"
"41","2013-02-10","0000-00-00 06:02:00","0000-00-00 06:30:00","0000-00-00 12:52:00","0000-00-00 14:00:00","0000-00-00 15:53:00","0000-00-00 16:45:00","0000-00-00 18:16:00","2 Min","0000-00-00 19:26:00","0000-00-00 20:00:00","0000-00-00 07:27:00"
"42","2013-02-11","0000-00-00 06:02:00","0000-00-00 06:30:00","0000-00-00 12:52:00","0000-00-00 14:00:00","0000-00-00 15:53:00","0000-00-00 16:45:00","0000-00-00 18:16:00","2 Min","0000-00-00 19:26:00","0000-00-00 20:00:00","0000-00-00 07:27:00"
"43","2013-02-12","0000-00-00 06:01:00","0000-00-00 06:30:00","0000-00-00 12:52:00","0000-00-00 14:00:00","0000-00-00 15:54:00","0000-00-00 16:45:00","0000-00-00 18:17:00","2 Min","0000-00-00 19:27:00","0000-00-00 20:00:00","0000-00-00 07:26:00"
"44","2013-02-13","0000-00-00 06:00:00","0000-00-00 06:30:00","0000-00-00 12:52:00","0000-00-00 14:00:00","0000-00-00 15:55:00","0000-00-00 16:45:00","0000-00-00 18:19:00","2 Min","0000-00-00 19:29:00","0000-00-00 20:00:00","0000-00-00 07:25:00"
"45","2013-02-14","0000-00-00 05:59:00","0000-00-00 06:30:00","0000-00-00 12:52:00","0000-00-00 14:00:00","0000-00-00 15:56:00","0000-00-00 16:45:00","0000-00-00 18:20:00","2 Min","0000-00-00 19:30:00","0000-00-00 20:00:00","0000-00-00 07:24:00"
"46","2013-02-15","0000-00-00 05:58:00","0000-00-00 06:15:00","0000-00-00 12:52:00","0000-00-00 14:00:00","0000-00-00 15:57:00","0000-00-00 17:00:00","0000-00-00 18:21:00","2 Min","0000-00-00 19:30:00","0000-00-00 20:15:00","0000-00-00 07:23:00"
"47","2013-02-16","0000-00-00 05:57:00","0000-00-00 06:15:00","0000-00-00 12:52:00","0000-00-00 14:00:00","0000-00-00 15:57:00","0000-00-00 17:00:00","0000-00-00 18:22:00","2 Min","0000-00-00 19:31:00","0000-00-00 20:15:00","0000-00-00 07:22:00"
"48","2013-02-17","0000-00-00 05:56:00","0000-00-00 06:15:00","0000-00-00 12:52:00","0000-00-00 14:00:00","0000-00-00 15:58:00","0000-00-00 17:00:00","0000-00-00 18:22:00","2 Min","0000-00-00 19:32:00","0000-00-00 20:15:00","0000-00-00 07:21:00"
"49","2013-02-18","0000-00-00 05:55:00","0000-00-00 06:15:00","0000-00-00 12:52:00","0000-00-00 14:00:00","0000-00-00 15:59:00","0000-00-00 17:00:00","0000-00-00 18:23:00","2 Min","0000-00-00 19:33:00","0000-00-00 20:15:00","0000-00-00 07:19:00"
"50","2013-02-19","0000-00-00 05:54:00","0000-00-00 06:15:00","0000-00-00 12:52:00","0000-00-00 14:00:00","0000-00-00 15:59:00","0000-00-00 17:00:00","0000-00-00 18:23:00","2 Min","0000-00-00 19:33:00","0000-00-00 20:15:00","0000-00-00 07:19:00"
"51","2013-02-20","0000-00-00 05:53:00","0000-00-00 06:15:00","0000-00-00 12:52:00","0000-00-00 14:00:00","0000-00-00 16:00:00","0000-00-00 17:00:00","0000-00-00 18:25:00","2 Min","0000-00-00 19:35:00","0000-00-00 20:15:00","0000-00-00 07:17:00"
"52","2013-02-21","0000-00-00 05:52:00","0000-00-00 06:15:00","0000-00-00 12:51:00","0000-00-00 14:00:00","0000-00-00 16:00:00","0000-00-00 17:00:00","0000-00-00 18:26:00","2 Min","0000-00-00 19:36:00","0000-00-00 20:15:00","0000-00-00 07:16:00"
"53","2013-02-22","0000-00-00 05:51:00","0000-00-00 06:15:00","0000-00-00 12:51:00","0000-00-00 14:00:00","0000-00-00 16:01:00","0000-00-00 17:00:00","0000-00-00 18:27:00","2 Min","0000-00-00 19:36:00","0000-00-00 20:15:00","0000-00-00 07:15:00"
"54","2013-02-23","0000-00-00 05:50:00","0000-00-00 06:15:00","0000-00-00 12:51:00","0000-00-00 14:00:00","0000-00-00 16:02:00","0000-00-00 17:00:00","0000-00-00 18:28:00","2 Min","0000-00-00 19:37:00","0000-00-00 20:15:00","0000-00-00 07:14:00"
"55","2013-02-24","0000-00-00 05:49:00","0000-00-00 06:15:00","0000-00-00 12:51:00","0000-00-00 14:00:00","0000-00-00 16:02:00","0000-00-00 17:00:00","0000-00-00 18:29:00","2 Min","0000-00-00 19:38:00","0000-00-00 20:15:00","0000-00-00 07:13:00"
"56","2013-02-25","0000-00-00 05:48:00","0000-00-00 06:15:00","0000-00-00 12:51:00","0000-00-00 14:00:00","0000-00-00 16:03:00","0000-00-00 17:00:00","0000-00-00 18:30:00","2 Min","0000-00-00 19:39:00","0000-00-00 20:15:00","0000-00-00 07:12:00"
"57","2013-02-26","0000-00-00 05:46:00","0000-00-00 06:15:00","0000-00-00 12:51:00","0000-00-00 14:00:00","0000-00-00 16:03:00","0000-00-00 17:00:00","0000-00-00 18:30:00","2 Min","0000-00-00 19:39:00","0000-00-00 20:15:00","0000-00-00 07:12:00"
"58","2013-02-27","0000-00-00 05:45:00","0000-00-00 06:15:00","0000-00-00 12:51:00","0000-00-00 14:00:00","0000-00-00 16:03:00","0000-00-00 17:00:00","0000-00-00 18:31:00","2 Min","0000-00-00 19:40:00","0000-00-00 20:15:00","0000-00-00 07:10:00"
"59","2013-02-28","0000-00-00 05:44:00","0000-00-00 06:15:00","0000-00-00 12:50:00","0000-00-00 14:00:00","0000-00-00 16:04:00","0000-00-00 17:00:00","0000-00-00 18:32:00","2 Min","0000-00-00 19:41:00","0000-00-00 20:15:00","0000-00-00 07:08:00"
"60","2013-03-01","0000-00-00 05:43:00","0000-00-00 06:15:00","0000-00-00 12:50:00","0000-00-00 14:00:00","0000-00-00 16:05:00","0000-00-00 17:00:00","0000-00-00 18:33:00","2 Min","0000-00-00 19:42:00","0000-00-00 20:15:00","0000-00-00 07:07:00"
"61","2013-03-02","0000-00-00 05:42:00","0000-00-00 06:15:00","0000-00-00 12:50:00","0000-00-00 14:00:00","0000-00-00 16:05:00","0000-00-00 17:00:00","0000-00-00 18:34:00","2 Min","0000-00-00 19:43:00","0000-00-00 20:15:00","0000-00-00 07:06:00"
"62","2013-03-03","0000-00-00 05:40:00","0000-00-00 06:15:00","0000-00-00 12:50:00","0000-00-00 14:00:00","0000-00-00 16:06:00","0000-00-00 17:00:00","0000-00-00 18:35:00","2 Min","0000-00-00 19:44:00","0000-00-00 20:15:00","0000-00-00 07:04:00"
"63","2013-03-04","0000-00-00 05:39:00","0000-00-00 06:15:00","0000-00-00 12:50:00","0000-00-00 14:00:00","0000-00-00 16:06:00","0000-00-00 17:00:00","0000-00-00 18:36:00","2 Min","0000-00-00 19:45:00","0000-00-00 20:15:00","0000-00-00 07:03:00"
"64","2013-03-05","0000-00-00 05:38:00","0000-00-00 06:15:00","0000-00-00 12:50:00","0000-00-00 14:00:00","0000-00-00 16:06:00","0000-00-00 17:00:00","0000-00-00 18:36:00","2 Min","0000-00-00 19:45:00","0000-00-00 20:15:00","0000-00-00 07:03:00"
"65","2013-03-06","0000-00-00 05:37:00","0000-00-00 06:15:00","0000-00-00 12:49:00","0000-00-00 14:00:00","0000-00-00 16:07:00","0000-00-00 17:00:00","0000-00-00 18:37:00","2 Min","0000-00-00 19:45:00","0000-00-00 20:15:00","0000-00-00 07:02:00"
"66","2013-03-07","0000-00-00 05:35:00","0000-00-00 06:15:00","0000-00-00 12:49:00","0000-00-00 14:00:00","0000-00-00 16:08:00","0000-00-00 17:00:00","0000-00-00 18:38:00","2 Min","0000-00-00 19:47:00","0000-00-00 20:15:00","0000-00-00 06:59:00"
"67","2013-03-08","0000-00-00 05:34:00","0000-00-00 06:50:00","0000-00-00 12:49:00","0000-00-00 14:00:00","0000-00-00 17:08:00","0000-00-00 18:15:00","0000-00-00 19:40:00","2 Min","0000-00-00 20:48:00","0000-00-00 21:15:00","0000-00-00 06:58:00"
"68","2013-03-09","0000-00-00 05:33:00","0000-00-00 06:50:00","0000-00-00 12:48:00","0000-00-00 14:00:00","0000-00-00 17:08:00","0000-00-00 18:15:00","0000-00-00 19:40:00","2 Min","0000-00-00 20:49:00","0000-00-00 21:15:00","0000-00-00 06:57:00"
"69","2013-03-10","0000-00-00 06:33:00","0000-00-00 06:50:00","0000-00-00 13:48:00","0000-00-00 14:00:00","0000-00-00 17:10:00","0000-00-00 18:15:00","0000-00-00 19:41:00","2 Min","0000-00-00 20:51:00","0000-00-00 21:15:00","0000-00-00 06:55:00"
"70","2013-03-11","0000-00-00 06:31:00","0000-00-00 06:50:00","0000-00-00 13:48:00","0000-00-00 14:00:00","0000-00-00 17:10:00","0000-00-00 18:15:00","0000-00-00 19:42:00","2 Min","0000-00-00 20:51:00","0000-00-00 21:15:00","0000-00-00 07:53:00"
"71","2013-03-12","0000-00-00 06:30:00","0000-00-00 06:50:00","0000-00-00 13:48:00","0000-00-00 14:00:00","0000-00-00 17:10:00","0000-00-00 18:15:00","0000-00-00 19:42:00","2 Min","0000-00-00 20:51:00","0000-00-00 21:15:00","0000-00-00 07:53:00"
"72","2013-03-13","0000-00-00 06:29:00","0000-00-00 06:50:00","0000-00-00 13:48:00","0000-00-00 14:00:00","0000-00-00 17:10:00","0000-00-00 18:15:00","0000-00-00 19:42:00","2 Min","0000-00-00 20:51:00","0000-00-00 21:15:00","0000-00-00 07:53:00"
"73","2013-03-14","0000-00-00 06:27:00","0000-00-00 06:50:00","0000-00-00 13:48:00","0000-00-00 14:00:00","0000-00-00 17:10:00","0000-00-00 18:15:00","0000-00-00 19:42:00","2 Min","0000-00-00 20:51:00","0000-00-00 21:15:00","0000-00-00 07:53:00"
"74","2013-03-15","0000-00-00 06:26:00","0000-00-00 06:45:00","0000-00-00 13:47:00","0000-00-00 14:00:00","0000-00-00 17:11:00","0000-00-00 18:15:00","0000-00-00 19:45:00","2 Min","0000-00-00 20:54:00","0000-00-00 21:20:00","0000-00-00 07:49:00"
"75","2013-03-16","0000-00-00 06:24:00","0000-00-00 06:45:00","0000-00-00 13:47:00","0000-00-00 14:00:00","0000-00-00 17:11:00","0000-00-00 18:15:00","0000-00-00 19:45:00","2 Min","0000-00-00 20:54:00","0000-00-00 21:20:00","0000-00-00 07:47:00"
"76","2013-03-17","0000-00-00 06:23:00","0000-00-00 06:45:00","0000-00-00 13:46:00","0000-00-00 14:00:00","0000-00-00 17:11:00","0000-00-00 18:15:00","0000-00-00 19:46:00","2 Min","0000-00-00 20:55:00","0000-00-00 21:20:00","0000-00-00 07:46:00"
"77","2013-03-18","0000-00-00 06:22:00","0000-00-00 06:45:00","0000-00-00 13:46:00","0000-00-00 14:00:00","0000-00-00 17:12:00","0000-00-00 18:15:00","0000-00-00 19:47:00","2 Min","0000-00-00 20:56:00","0000-00-00 21:20:00","0000-00-00 07:45:00"
"78","2013-03-19","0000-00-00 06:20:00","0000-00-00 06:45:00","0000-00-00 13:46:00","0000-00-00 14:00:00","0000-00-00 17:12:00","0000-00-00 18:15:00","0000-00-00 19:48:00","2 Min","0000-00-00 20:57:00","0000-00-00 21:20:00","0000-00-00 07:43:00"
"79","2013-03-20","0000-00-00 06:19:00","0000-00-00 06:45:00","0000-00-00 13:45:00","0000-00-00 14:00:00","0000-00-00 17:12:00","0000-00-00 18:15:00","0000-00-00 19:49:00","2 Min","0000-00-00 20:58:00","0000-00-00 21:20:00","0000-00-00 07:42:00"
"80","2013-03-21","0000-00-00 06:17:00","0000-00-00 06:45:00","0000-00-00 13:45:00","0000-00-00 14:00:00","0000-00-00 17:13:00","0000-00-00 18:15:00","0000-00-00 19:49:00","2 Min","0000-00-00 20:59:00","0000-00-00 21:20:00","0000-00-00 07:40:00"
"81","2013-03-22","0000-00-00 06:16:00","0000-00-00 06:45:00","0000-00-00 13:45:00","0000-00-00 14:00:00","0000-00-00 17:13:00","0000-00-00 18:15:00","0000-00-00 19:50:00","2 Min","0000-00-00 20:59:00","0000-00-00 21:20:00","0000-00-00 07:39:00"
"82","2013-03-23","0000-00-00 06:14:00","0000-00-00 06:45:00","0000-00-00 13:45:00","0000-00-00 14:00:00","0000-00-00 17:13:00","0000-00-00 18:15:00","0000-00-00 19:51:00","2 Min","0000-00-00 21:00:00","0000-00-00 21:20:00","0000-00-00 07:38:00"
"83","2013-03-24","0000-00-00 06:13:00","0000-00-00 06:45:00","0000-00-00 13:44:00","0000-00-00 14:00:00","0000-00-00 17:13:00","0000-00-00 18:15:00","0000-00-00 19:52:00","2 Min","0000-00-00 21:01:00","0000-00-00 21:20:00","0000-00-00 07:36:00"
"84","2013-03-25","0000-00-00 06:11:00","0000-00-00 06:45:00","0000-00-00 13:44:00","0000-00-00 14:00:00","0000-00-00 17:14:00","0000-00-00 18:15:00","0000-00-00 19:52:00","2 Min","0000-00-00 21:02:00","0000-00-00 21:20:00","0000-00-00 07:35:00"
"85","2013-03-26","0000-00-00 06:10:00","0000-00-00 06:45:00","0000-00-00 13:44:00","0000-00-00 14:00:00","0000-00-00 17:14:00","0000-00-00 18:15:00","0000-00-00 19:53:00","2 Min","0000-00-00 21:03:00","0000-00-00 21:20:00","0000-00-00 07:34:00"
"86","2013-03-27","0000-00-00 06:08:00","0000-00-00 06:45:00","0000-00-00 13:43:00","0000-00-00 14:00:00","0000-00-00 17:14:00","0000-00-00 18:15:00","0000-00-00 19:54:00","..","0000-00-00 21:04:00","0000-00-00 21:20:00","0000-00-00 07:32:00"
"87","2013-03-28","0000-00-00 06:07:00","0000-00-00 06:45:00","0000-00-00 13:43:00","0000-00-00 14:00:00","0000-00-00 17:14:00","0000-00-00 18:15:00","0000-00-00 19:55:00","2 Min","0000-00-00 21:04:00","0000-00-00 21:20:00","0000-00-00 07:31:00"
"88","2013-03-29","0000-00-00 06:05:00","0000-00-00 06:45:00","0000-00-00 13:43:00","0000-00-00 14:00:00","0000-00-00 17:14:00","0000-00-00 18:15:00","0000-00-00 19:56:00","2 Min","0000-00-00 21:05:00","0000-00-00 21:20:00","0000-00-00 07:30:00"
"89","2013-03-30","0000-00-00 06:04:00","0000-00-00 06:45:00","0000-00-00 13:42:00","0000-00-00 14:00:00","0000-00-00 17:15:00","0000-00-00 18:15:00","0000-00-00 19:56:00","2 Min","0000-00-00 21:06:00","0000-00-00 21:20:00","0000-00-00 07:28:00"
"90","2013-03-31","0000-00-00 06:02:00","0000-00-00 06:45:00","0000-00-00 13:42:00","0000-00-00 14:00:00","0000-00-00 17:15:00","0000-00-00 18:15:00","0000-00-00 19:57:00","2 Min","0000-00-00 21:07:00","0000-00-00 21:20:00","0000-00-00 07:27:00"
"91","2013-04-01","0000-00-00 06:01:00","0000-00-00 06:20:00","0000-00-00 13:42:00","0000-00-00 14:00:00","0000-00-00 17:15:00","0000-00-00 18:20:00","0000-00-00 19:58:00","2 Min","0000-00-00 21:08:00","0000-00-00 21:35:00","0000-00-00 07:25:00"
"92","2013-04-02","0000-00-00 05:59:00","0000-00-00 06:20:00","0000-00-00 13:42:00","0000-00-00 14:00:00","0000-00-00 17:15:00","0000-00-00 18:20:00","0000-00-00 19:59:00","2 Min","0000-00-00 21:09:00","0000-00-00 21:35:00","0000-00-00 07:24:00"
"93","2013-04-03","0000-00-00 05:58:00","0000-00-00 06:20:00","0000-00-00 13:41:00","0000-00-00 14:00:00","0000-00-00 17:15:00","0000-00-00 18:20:00","0000-00-00 19:59:00","2 Min","0000-00-00 21:10:00","0000-00-00 21:35:00","0000-00-00 07:23:00"
"94","2013-04-04","0000-00-00 05:56:00","0000-00-00 06:20:00","0000-00-00 13:41:00","0000-00-00 14:00:00","0000-00-00 17:15:00","0000-00-00 18:20:00","0000-00-00 20:00:00","2 Min","0000-00-00 21:11:00","0000-00-00 21:35:00","0000-00-00 07:21:00"
"95","2013-04-05","0000-00-00 05:55:00","0000-00-00 06:20:00","0000-00-00 13:41:00","0000-00-00 14:00:00","0000-00-00 17:15:00","0000-00-00 18:20:00","0000-00-00 20:01:00","2 Min","0000-00-00 21:11:00","0000-00-00 21:35:00","0000-00-00 07:20:00"
"96","2013-04-06","0000-00-00 05:53:00","0000-00-00 06:20:00","0000-00-00 13:40:00","0000-00-00 14:00:00","0000-00-00 17:16:00","0000-00-00 18:20:00","0000-00-00 20:02:00","2 Min","0000-00-00 21:12:00","0000-00-00 21:35:00","0000-00-00 07:19:00"
"97","2013-04-07","0000-00-00 05:52:00","0000-00-00 06:20:00","0000-00-00 13:40:00","0000-00-00 14:00:00","0000-00-00 17:16:00","0000-00-00 18:20:00","0000-00-00 20:02:00","2 Min","0000-00-00 21:13:00","0000-00-00 21:35:00","0000-00-00 07:17:00"
"98","2013-04-08","0000-00-00 05:50:00","0000-00-00 06:20:00","0000-00-00 13:40:00","0000-00-00 14:00:00","0000-00-00 17:16:00","0000-00-00 18:20:00","0000-00-00 20:03:00","2 Min","0000-00-00 21:14:00","0000-00-00 21:35:00","0000-00-00 07:16:00"
"99","2013-04-09","0000-00-00 05:49:00","0000-00-00 06:20:00","0000-00-00 13:40:00","0000-00-00 14:00:00","0000-00-00 17:16:00","0000-00-00 18:20:00","0000-00-00 20:04:00","2 Min","0000-00-00 21:15:00","0000-00-00 21:35:00","0000-00-00 07:15:00"
"100","2013-04-10","0000-00-00 05:47:00","0000-00-00 06:20:00","0000-00-00 13:39:00","0000-00-00 14:00:00","0000-00-00 17:16:00","0000-00-00 18:20:00","0000-00-00 20:05:00","2 Min","0000-00-00 21:16:00","0000-00-00 21:35:00","0000-00-00 07:13:00"
"101","2013-04-11","0000-00-00 05:46:00","0000-00-00 06:20:00","0000-00-00 13:39:00","0000-00-00 14:00:00","0000-00-00 17:16:00","0000-00-00 18:20:00","0000-00-00 20:05:00","2 Min","0000-00-00 21:17:00","0000-00-00 21:35:00","0000-00-00 07:12:00"
"102","2013-04-12","0000-00-00 05:44:00","0000-00-00 06:20:00","0000-00-00 13:39:00","0000-00-00 14:00:00","0000-00-00 17:16:00","0000-00-00 18:20:00","0000-00-00 20:06:00","2 Min","0000-00-00 21:18:00","0000-00-00 21:35:00","0000-00-00 07:11:00"
"103","2013-04-13","0000-00-00 05:43:00","0000-00-00 06:20:00","0000-00-00 13:38:00","0000-00-00 14:00:00","0000-00-00 17:16:00","0000-00-00 18:20:00","0000-00-00 20:07:00","2 Min","0000-00-00 21:19:00","0000-00-00 21:35:00","0000-00-00 07:10:00"
"104","2013-04-14","0000-00-00 05:41:00","0000-00-00 06:20:00","0000-00-00 13:38:00","0000-00-00 14:00:00","0000-00-00 17:16:00","0000-00-00 18:20:00","0000-00-00 20:08:00","2 Min","0000-00-00 21:20:00","0000-00-00 21:35:00","0000-00-00 07:08:00"
"105","2013-04-15","0000-00-00 05:40:00","0000-00-00 06:15:00","0000-00-00 13:38:00","0000-00-00 14:00:00","0000-00-00 17:17:00","0000-00-00 18:30:00","0000-00-00 20:08:00","2 Min","0000-00-00 21:21:00","0000-00-00 21:50:00","0000-00-00 07:07:00"
"106","2013-04-16","0000-00-00 05:38:00","0000-00-00 06:15:00","0000-00-00 13:38:00","0000-00-00 14:00:00","0000-00-00 17:17:00","0000-00-00 18:30:00","0000-00-00 20:09:00","2 Min","0000-00-00 21:22:00","0000-00-00 21:50:00","0000-00-00 07:06:00"
"107","2013-04-17","0000-00-00 05:37:00","0000-00-00 06:15:00","0000-00-00 13:37:00","0000-00-00 14:00:00","0000-00-00 17:17:00","0000-00-00 18:30:00","0000-00-00 20:10:00","2 Min","0000-00-00 21:23:00","0000-00-00 21:50:00","0000-00-00 07:04:00"
"108","2013-04-18","0000-00-00 05:35:00","0000-00-00 06:15:00","0000-00-00 13:37:00","0000-00-00 14:00:00","0000-00-00 17:17:00","0000-00-00 18:30:00","0000-00-00 20:11:00","2 Min","0000-00-00 21:24:00","0000-00-00 21:50:00","0000-00-00 07:03:00"
"109","2013-04-19","0000-00-00 05:34:00","0000-00-00 06:15:00","0000-00-00 13:37:00","0000-00-00 14:00:00","0000-00-00 17:17:00","0000-00-00 18:30:00","0000-00-00 20:12:00","2 Min","0000-00-00 21:24:00","0000-00-00 21:50:00","0000-00-00 07:02:00"
"110","2013-04-20","0000-00-00 05:32:00","0000-00-00 06:15:00","0000-00-00 13:37:00","0000-00-00 14:00:00","0000-00-00 17:17:00","0000-00-00 18:30:00","0000-00-00 20:12:00","2 Min","0000-00-00 21:25:00","0000-00-00 21:50:00","0000-00-00 07:01:00"
"111","2013-04-21","0000-00-00 05:31:00","0000-00-00 06:15:00","0000-00-00 13:37:00","0000-00-00 14:00:00","0000-00-00 17:17:00","0000-00-00 18:30:00","0000-00-00 20:13:00","2 Min","0000-00-00 21:26:00","0000-00-00 21:50:00","0000-00-00 07:00:00"
"112","2013-04-22","0000-00-00 05:29:00","0000-00-00 06:15:00","0000-00-00 13:36:00","0000-00-00 14:00:00","0000-00-00 17:17:00","0000-00-00 18:30:00","0000-00-00 20:14:00","2 Min","0000-00-00 21:27:00","0000-00-00 21:50:00","0000-00-00 06:58:00"
"113","2013-04-23","0000-00-00 05:28:00","0000-00-00 06:15:00","0000-00-00 13:36:00","0000-00-00 14:00:00","0000-00-00 17:17:00","0000-00-00 18:30:00","0000-00-00 20:15:00","2 Min","0000-00-00 21:28:00","0000-00-00 21:50:00","0000-00-00 06:57:00"
"114","2013-04-24","0000-00-00 05:26:00","0000-00-00 06:15:00","0000-00-00 13:36:00","0000-00-00 14:00:00","0000-00-00 17:17:00","0000-00-00 18:30:00","0000-00-00 20:15:00","2 Min","0000-00-00 21:29:00","0000-00-00 21:50:00","0000-00-00 06:56:00"
"115","2013-04-25","0000-00-00 05:25:00","0000-00-00 06:15:00","0000-00-00 13:36:00","0000-00-00 14:00:00","0000-00-00 17:17:00","0000-00-00 18:30:00","0000-00-00 20:16:00","2 Min","0000-00-00 21:30:00","0000-00-00 21:50:00","0000-00-00 06:55:00"
"116","2013-04-26","0000-00-00 05:24:00","0000-00-00 06:15:00","0000-00-00 13:36:00","0000-00-00 14:00:00","0000-00-00 17:17:00","0000-00-00 18:30:00","0000-00-00 20:17:00","2 Min","0000-00-00 21:31:00","0000-00-00 21:50:00","0000-00-00 06:54:00"
"117","2013-04-27","0000-00-00 05:22:00","0000-00-00 06:15:00","0000-00-00 13:35:00","0000-00-00 14:00:00","0000-00-00 17:17:00","0000-00-00 18:30:00","0000-00-00 20:18:00","2 Min","0000-00-00 21:32:00","0000-00-00 21:50:00","0000-00-00 06:53:00"
"118","2013-04-28","0000-00-00 05:21:00","0000-00-00 06:15:00","0000-00-00 13:35:00","0000-00-00 14:00:00","0000-00-00 17:17:00","0000-00-00 18:30:00","0000-00-00 20:19:00","2 Min","0000-00-00 21:33:00","0000-00-00 21:50:00","0000-00-00 06:52:00"
"119","2013-04-29","0000-00-00 05:19:00","0000-00-00 06:15:00","0000-00-00 13:35:00","0000-00-00 14:00:00","0000-00-00 17:17:00","0000-00-00 18:30:00","0000-00-00 20:19:00","2 Min","0000-00-00 21:34:00","0000-00-00 21:50:00","0000-00-00 06:51:00"
"120","2013-04-30","0000-00-00 05:18:00","0000-00-00 06:15:00","0000-00-00 13:35:00","0000-00-00 14:00:00","0000-00-00 17:18:00","0000-00-00 18:30:00","0000-00-00 20:20:00","2 Min","0000-00-00 21:35:00","0000-00-00 21:50:00","0000-00-00 06:49:00"
"121","2013-05-01","0000-00-00 05:17:00","0000-00-00 06:00:00","0000-00-00 13:35:00","0000-00-00 14:00:00","0000-00-00 17:18:00","0000-00-00 18:30:00","0000-00-00 20:21:00","2 Min","0000-00-00 21:36:00","0000-00-00 22:05:00","0000-00-00 06:48:00"
"122","2013-05-02","0000-00-00 05:15:00","0000-00-00 06:00:00","0000-00-00 13:35:00","0000-00-00 14:00:00","0000-00-00 17:18:00","0000-00-00 18:30:00","0000-00-00 20:22:00","2 Min","0000-00-00 21:37:00","0000-00-00 22:05:00","0000-00-00 06:47:00"
"123","2013-05-03","0000-00-00 05:14:00","0000-00-00 06:00:00","0000-00-00 13:35:00","0000-00-00 14:00:00","0000-00-00 17:18:00","0000-00-00 18:30:00","0000-00-00 20:22:00","2 Min","0000-00-00 21:38:00","0000-00-00 22:05:00","0000-00-00 06:46:00"
"124","2013-05-04","0000-00-00 05:13:00","0000-00-00 06:00:00","0000-00-00 13:35:00","0000-00-00 14:00:00","0000-00-00 17:18:00","0000-00-00 18:30:00","0000-00-00 20:23:00","2 Min","0000-00-00 21:39:00","0000-00-00 22:05:00","0000-00-00 06:45:00"
"125","2013-05-05","0000-00-00 05:11:00","0000-00-00 06:00:00","0000-00-00 13:34:00","0000-00-00 14:00:00","0000-00-00 17:18:00","0000-00-00 18:30:00","0000-00-00 20:25:00","2 Min","0000-00-00 21:41:00","0000-00-00 22:05:00","0000-00-00 06:44:00"
"126","2013-05-06","0000-00-00 05:10:00","0000-00-00 06:00:00","0000-00-00 13:34:00","0000-00-00 14:00:00","0000-00-00 17:18:00","0000-00-00 18:30:00","0000-00-00 20:25:00","2 Min","0000-00-00 21:42:00","0000-00-00 22:05:00","0000-00-00 06:44:00"
"127","2013-05-07","0000-00-00 05:09:00","0000-00-00 06:00:00","0000-00-00 13:34:00","0000-00-00 14:00:00","0000-00-00 17:18:00","0000-00-00 18:30:00","0000-00-00 20:25:00","2 Min","0000-00-00 21:43:00","0000-00-00 22:05:00","0000-00-00 06:43:00"
"128","2013-05-08","0000-00-00 05:08:00","0000-00-00 06:00:00","0000-00-00 13:34:00","0000-00-00 14:00:00","0000-00-00 17:18:00","0000-00-00 18:30:00","0000-00-00 20:26:00","2 Min","0000-00-00 21:44:00","0000-00-00 22:05:00","0000-00-00 06:42:00"
"129","2013-05-09","0000-00-00 05:06:00","0000-00-00 06:00:00","0000-00-00 13:34:00","0000-00-00 14:00:00","0000-00-00 17:18:00","0000-00-00 18:30:00","0000-00-00 20:27:00","2 Min","0000-00-00 21:45:00","0000-00-00 22:05:00","0000-00-00 06:41:00"
"130","2013-05-10","0000-00-00 05:05:00","0000-00-00 06:00:00","0000-00-00 13:34:00","0000-00-00 14:00:00","0000-00-00 17:18:00","0000-00-00 18:30:00","0000-00-00 20:28:00","2 Min","0000-00-00 21:46:00","0000-00-00 22:05:00","0000-00-00 06:40:00"
"131","2013-05-11","0000-00-00 05:04:00","0000-00-00 06:00:00","0000-00-00 13:34:00","0000-00-00 14:00:00","0000-00-00 17:18:00","0000-00-00 18:30:00","0000-00-00 20:29:00","2 Min","0000-00-00 21:47:00","0000-00-00 22:05:00","0000-00-00 06:39:00"
"132","2013-05-12","0000-00-00 05:03:00","0000-00-00 06:00:00","0000-00-00 13:34:00","0000-00-00 14:00:00","0000-00-00 17:18:00","0000-00-00 18:30:00","0000-00-00 20:29:00","2 Min","0000-00-00 21:48:00","0000-00-00 22:05:00","0000-00-00 06:38:00"
"133","2013-05-13","0000-00-00 05:02:00","0000-00-00 06:00:00","0000-00-00 13:34:00","0000-00-00 14:00:00","0000-00-00 17:18:00","0000-00-00 18:30:00","0000-00-00 20:30:00","2 Min","0000-00-00 21:49:00","0000-00-00 22:05:00","0000-00-00 06:37:00"
"134","2013-05-14","0000-00-00 05:01:00","0000-00-00 06:00:00","0000-00-00 13:34:00","0000-00-00 14:00:00","0000-00-00 17:19:00","0000-00-00 18:30:00","0000-00-00 20:31:00","2 Min","0000-00-00 21:50:00","0000-00-00 22:05:00","0000-00-00 06:37:00"
"135","2013-05-15","0000-00-00 04:59:00","0000-00-00 05:50:00","0000-00-00 13:34:00","0000-00-00 14:00:00","0000-00-00 17:19:00","0000-00-00 18:35:00","0000-00-00 20:32:00","2 Min","0000-00-00 21:51:00","0000-00-00 22:15:00","0000-00-00 06:36:00"
"136","2013-05-16","0000-00-00 04:58:00","0000-00-00 05:50:00","0000-00-00 13:34:00","0000-00-00 14:00:00","0000-00-00 17:19:00","0000-00-00 18:35:00","0000-00-00 20:32:00","2 Min","0000-00-00 21:52:00","0000-00-00 22:15:00","0000-00-00 06:35:00"
"137","2013-05-17","0000-00-00 04:57:00","0000-00-00 05:50:00","0000-00-00 13:34:00","0000-00-00 14:00:00","0000-00-00 17:19:00","0000-00-00 18:35:00","0000-00-00 20:33:00","2 Min","0000-00-00 21:53:00","0000-00-00 22:15:00","0000-00-00 06:34:00"
"138","2013-05-18","0000-00-00 04:56:00","0000-00-00 05:50:00","0000-00-00 13:34:00","0000-00-00 14:00:00","0000-00-00 17:19:00","0000-00-00 18:35:00","0000-00-00 20:34:00","2 Min","0000-00-00 21:54:00","0000-00-00 22:15:00","0000-00-00 06:34:00"
"139","2013-05-19","0000-00-00 04:55:00","0000-00-00 05:50:00","0000-00-00 13:34:00","0000-00-00 14:00:00","0000-00-00 17:19:00","0000-00-00 18:35:00","0000-00-00 20:35:00","2 Min","0000-00-00 21:55:00","0000-00-00 22:15:00","0000-00-00 06:33:00"
"140","2013-05-20","0000-00-00 04:54:00","0000-00-00 05:50:00","0000-00-00 13:34:00","0000-00-00 14:00:00","0000-00-00 17:19:00","0000-00-00 18:35:00","0000-00-00 20:35:00","2 Min","0000-00-00 21:56:00","0000-00-00 22:15:00","0000-00-00 06:32:00"
"141","2013-05-21","0000-00-00 04:53:00","0000-00-00 05:50:00","0000-00-00 13:34:00","0000-00-00 14:00:00","0000-00-00 17:19:00","0000-00-00 18:35:00","0000-00-00 20:36:00","2 Min","0000-00-00 21:57:00","0000-00-00 22:15:00","0000-00-00 06:32:00"
"142","2013-05-22","0000-00-00 04:53:00","0000-00-00 05:50:00","0000-00-00 13:34:00","0000-00-00 14:00:00","0000-00-00 17:19:00","0000-00-00 18:35:00","0000-00-00 20:37:00","2 Min","0000-00-00 21:58:00","0000-00-00 22:20:00","0000-00-00 06:31:00"
"143","2013-05-23","0000-00-00 04:52:00","0000-00-00 05:50:00","0000-00-00 13:34:00","0000-00-00 14:00:00","0000-00-00 17:19:00","0000-00-00 18:35:00","0000-00-00 20:38:00","2 Min","0000-00-00 21:58:00","0000-00-00 22:20:00","0000-00-00 06:31:00"
"144","2013-05-24","0000-00-00 04:51:00","0000-00-00 05:50:00","0000-00-00 13:34:00","0000-00-00 14:00:00","0000-00-00 17:20:00","0000-00-00 18:35:00","0000-00-00 20:38:00","2 Min","0000-00-00 21:59:00","0000-00-00 22:20:00","0000-00-00 06:30:00"
"145","2013-05-25","0000-00-00 04:50:00","0000-00-00 05:50:00","0000-00-00 13:35:00","0000-00-00 14:00:00","0000-00-00 17:20:00","0000-00-00 18:35:00","0000-00-00 20:39:00","2 Min","0000-00-00 22:00:00","0000-00-00 22:20:00","0000-00-00 06:30:00"
"146","2013-05-26","0000-00-00 04:49:00","0000-00-00 05:50:00","0000-00-00 13:35:00","0000-00-00 14:00:00","0000-00-00 17:20:00","0000-00-00 18:35:00","0000-00-00 20:40:00","2 Min","0000-00-00 22:01:00","0000-00-00 22:20:00","0000-00-00 06:29:00"
"147","2013-05-27","0000-00-00 04:48:00","0000-00-00 05:50:00","0000-00-00 13:35:00","0000-00-00 14:00:00","0000-00-00 17:20:00","0000-00-00 18:35:00","0000-00-00 20:40:00","2 Min","0000-00-00 22:02:00","0000-00-00 22:20:00","0000-00-00 06:29:00"
"148","2013-05-28","0000-00-00 04:48:00","0000-00-00 05:50:00","0000-00-00 13:35:00","0000-00-00 14:00:00","0000-00-00 17:20:00","0000-00-00 18:35:00","0000-00-00 20:41:00","2 Min","0000-00-00 22:03:00","0000-00-00 22:20:00","0000-00-00 06:28:00"
"149","2013-05-29","0000-00-00 04:47:00","0000-00-00 05:50:00","0000-00-00 13:35:00","0000-00-00 14:00:00","0000-00-00 17:20:00","0000-00-00 18:35:00","0000-00-00 20:42:00","2 Min","0000-00-00 22:04:00","0000-00-00 22:20:00","0000-00-00 06:28:00"
"150","2013-05-30","0000-00-00 04:46:00","0000-00-00 05:50:00","0000-00-00 13:35:00","0000-00-00 14:00:00","0000-00-00 17:20:00","0000-00-00 18:35:00","0000-00-00 20:42:00","2 Min","0000-00-00 22:05:00","0000-00-00 22:20:00","0000-00-00 06:27:00"
"151","2013-05-31","0000-00-00 04:46:00","0000-00-00 05:50:00","0000-00-00 13:35:00","0000-00-00 14:00:00","0000-00-00 17:21:00","0000-00-00 18:35:00","0000-00-00 20:43:00","2 Min","0000-00-00 22:05:00","0000-00-00 22:20:00","0000-00-00 06:27:00"
"152","2013-06-01","0000-00-00 04:45:00","0000-00-00 05:55:00","0000-00-00 13:35:00","0000-00-00 14:00:00","0000-00-00 17:21:00","0000-00-00 18:45:00","0000-00-00 20:43:00","2 Min","0000-00-00 22:06:00","0000-00-00 22:25:00","0000-00-00 06:27:00"
"153","2013-06-02","0000-00-00 04:45:00","0000-00-00 05:55:00","0000-00-00 13:36:00","0000-00-00 14:00:00","0000-00-00 17:21:00","0000-00-00 18:45:00","0000-00-00 20:44:00","2 Min","0000-00-00 22:07:00","0000-00-00 22:25:00","0000-00-00 06:26:00"
"154","2013-06-03","0000-00-00 04:44:00","0000-00-00 05:55:00","0000-00-00 13:36:00","0000-00-00 14:00:00","0000-00-00 17:21:00","0000-00-00 18:45:00","0000-00-00 20:45:00","2 Min","0000-00-00 22:08:00","0000-00-00 22:25:00","0000-00-00 06:26:00"
"155","2013-06-04","0000-00-00 04:44:00","0000-00-00 05:55:00","0000-00-00 13:36:00","0000-00-00 14:00:00","0000-00-00 17:21:00","0000-00-00 18:45:00","0000-00-00 20:45:00","2 Min","0000-00-00 22:09:00","0000-00-00 22:25:00","0000-00-00 06:26:00"
"156","2013-06-05","0000-00-00 04:43:00","0000-00-00 05:55:00","0000-00-00 13:36:00","0000-00-00 14:00:00","0000-00-00 17:21:00","0000-00-00 18:45:00","0000-00-00 20:46:00","2 Min","0000-00-00 22:09:00","0000-00-00 22:25:00","0000-00-00 06:25:00"
"157","2013-06-06","0000-00-00 04:43:00","0000-00-00 05:55:00","0000-00-00 13:36:00","0000-00-00 14:00:00","0000-00-00 17:22:00","0000-00-00 18:45:00","0000-00-00 20:46:00","2 Min","0000-00-00 22:10:00","0000-00-00 22:25:00","0000-00-00 06:25:00"
"158","2013-06-07","0000-00-00 04:42:00","0000-00-00 05:55:00","0000-00-00 13:36:00","0000-00-00 14:00:00","0000-00-00 17:22:00","0000-00-00 18:45:00","0000-00-00 20:47:00","2 Min","0000-00-00 22:11:00","0000-00-00 22:25:00","0000-00-00 06:25:00"
"159","2013-06-08","0000-00-00 04:42:00","0000-00-00 05:55:00","0000-00-00 13:37:00","0000-00-00 14:00:00","0000-00-00 17:22:00","0000-00-00 18:45:00","0000-00-00 20:48:00","2 Min","0000-00-00 22:11:00","0000-00-00 22:30:00","0000-00-00 06:25:00"
"160","2013-06-09","0000-00-00 04:42:00","0000-00-00 05:55:00","0000-00-00 13:37:00","0000-00-00 14:00:00","0000-00-00 17:22:00","0000-00-00 18:45:00","0000-00-00 20:48:00","2 Min","0000-00-00 22:12:00","0000-00-00 22:30:00","0000-00-00 06:25:00"
"161","2013-06-10","0000-00-00 04:42:00","0000-00-00 05:55:00","0000-00-00 13:37:00","0000-00-00 14:00:00","0000-00-00 17:22:00","0000-00-00 18:45:00","0000-00-00 20:48:00","2 Min","0000-00-00 22:12:00","0000-00-00 22:30:00","0000-00-00 06:25:00"
"162","2013-06-11","0000-00-00 04:41:00","0000-00-00 05:55:00","0000-00-00 13:37:00","0000-00-00 14:00:00","0000-00-00 17:23:00","0000-00-00 18:45:00","0000-00-00 20:49:00","2 Min","0000-00-00 22:13:00","0000-00-00 22:30:00","0000-00-00 06:25:00"
"163","2013-06-12","0000-00-00 04:41:00","0000-00-00 05:55:00","0000-00-00 13:37:00","0000-00-00 14:00:00","0000-00-00 17:23:00","0000-00-00 18:45:00","0000-00-00 20:49:00","2 Min","0000-00-00 22:14:00","0000-00-00 22:30:00","0000-00-00 06:25:00"
"164","2013-06-13","0000-00-00 04:41:00","0000-00-00 05:55:00","0000-00-00 13:38:00","0000-00-00 14:00:00","0000-00-00 17:23:00","0000-00-00 18:45:00","0000-00-00 20:50:00","2 Min","0000-00-00 22:14:00","0000-00-00 22:30:00","0000-00-00 06:25:00"
"165","2013-06-14","0000-00-00 04:41:00","0000-00-00 05:55:00","0000-00-00 13:38:00","0000-00-00 14:00:00","0000-00-00 17:45:00","0000-00-00 18:45:00","0000-00-00 20:50:00","2 Min","0000-00-00 22:14:00","0000-00-00 22:30:00","0000-00-00 06:25:00"
"166","2013-06-15","0000-00-00 04:41:00","0000-00-00 05:55:00","0000-00-00 13:38:00","0000-00-00 14:00:00","0000-00-00 17:45:00","0000-00-00 18:45:00","0000-00-00 20:51:00","2 Min","0000-00-00 22:15:00","0000-00-00 22:30:00","0000-00-00 06:25:00"
"167","2013-06-16","0000-00-00 04:41:00","0000-00-00 05:55:00","0000-00-00 13:38:00","0000-00-00 14:00:00","0000-00-00 17:24:00","0000-00-00 18:45:00","0000-00-00 20:51:00","2 Min","0000-00-00 22:15:00","0000-00-00 22:30:00","0000-00-00 06:25:00"
"168","2013-06-17","0000-00-00 04:41:00","0000-00-00 05:55:00","0000-00-00 13:38:00","0000-00-00 14:00:00","0000-00-00 17:24:00","0000-00-00 18:45:00","0000-00-00 20:51:00","2 Min","0000-00-00 22:16:00","0000-00-00 22:30:00","0000-00-00 06:25:00"
"169","2013-06-18","0000-00-00 04:41:00","0000-00-00 05:55:00","0000-00-00 13:39:00","0000-00-00 14:00:00","0000-00-00 17:24:00","0000-00-00 18:45:00","0000-00-00 20:52:00","2 Min","0000-00-00 22:16:00","0000-00-00 22:30:00","0000-00-00 06:25:00"
"170","2013-06-19","0000-00-00 04:41:00","0000-00-00 05:55:00","0000-00-00 13:39:00","0000-00-00 14:00:00","0000-00-00 17:24:00","0000-00-00 18:45:00","0000-00-00 20:52:00","2 Min","0000-00-00 22:16:00","0000-00-00 22:30:00","0000-00-00 06:25:00"
"171","2013-06-20","0000-00-00 04:41:00","0000-00-00 05:55:00","0000-00-00 13:39:00","0000-00-00 14:00:00","0000-00-00 17:25:00","0000-00-00 18:45:00","0000-00-00 20:52:00","2 Min","0000-00-00 22:17:00","0000-00-00 22:30:00","0000-00-00 06:25:00"
"172","2013-06-21","0000-00-00 04:42:00","0000-00-00 05:55:00","0000-00-00 13:39:00","0000-00-00 14:00:00","0000-00-00 17:25:00","0000-00-00 18:45:00","0000-00-00 20:52:00","2 Min","0000-00-00 22:17:00","0000-00-00 22:30:00","0000-00-00 06:25:00"
"173","2013-06-22","0000-00-00 04:42:00","0000-00-00 05:55:00","0000-00-00 13:40:00","0000-00-00 14:00:00","0000-00-00 17:25:00","0000-00-00 18:45:00","0000-00-00 20:53:00","2 Min","0000-00-00 22:17:00","0000-00-00 22:30:00","0000-00-00 06:26:00"
"174","2013-06-23","0000-00-00 04:42:00","0000-00-00 05:55:00","0000-00-00 13:40:00","0000-00-00 14:00:00","0000-00-00 17:25:00","0000-00-00 18:45:00","0000-00-00 20:53:00","2 Min","0000-00-00 22:17:00","0000-00-00 22:30:00","0000-00-00 06:26:00"
"175","2013-06-24","0000-00-00 04:42:00","0000-00-00 05:55:00","0000-00-00 13:40:00","0000-00-00 14:00:00","0000-00-00 17:25:00","0000-00-00 18:45:00","0000-00-00 20:53:00","2 Min","0000-00-00 22:17:00","0000-00-00 22:30:00","0000-00-00 06:26:00"
"176","2013-06-25","0000-00-00 04:43:00","0000-00-00 05:55:00","0000-00-00 13:40:00","0000-00-00 14:00:00","0000-00-00 17:26:00","0000-00-00 18:45:00","0000-00-00 20:53:00","2 Min","0000-00-00 22:18:00","0000-00-00 22:30:00","0000-00-00 06:26:00"
"177","2013-06-26","0000-00-00 04:43:00","0000-00-00 05:55:00","0000-00-00 13:40:00","0000-00-00 14:00:00","0000-00-00 17:26:00","0000-00-00 18:45:00","0000-00-00 20:53:00","2 Min","0000-00-00 22:18:00","0000-00-00 22:30:00","0000-00-00 06:27:00"
"178","2013-06-27","0000-00-00 04:44:00","0000-00-00 05:55:00","0000-00-00 13:41:00","0000-00-00 14:00:00","0000-00-00 17:26:00","0000-00-00 18:45:00","0000-00-00 20:53:00","2 Min","0000-00-00 22:18:00","0000-00-00 22:30:00","0000-00-00 06:27:00"
"179","2013-06-28","0000-00-00 04:44:00","0000-00-00 05:55:00","0000-00-00 13:41:00","0000-00-00 14:00:00","0000-00-00 17:26:00","0000-00-00 18:45:00","0000-00-00 20:53:00","2 Min","0000-00-00 22:18:00","0000-00-00 22:30:00","0000-00-00 06:27:00"
"180","2013-06-29","0000-00-00 04:44:00","0000-00-00 05:55:00","0000-00-00 13:41:00","0000-00-00 14:00:00","0000-00-00 17:26:00","0000-00-00 18:45:00","0000-00-00 20:53:00","2 Min","0000-00-00 22:17:00","0000-00-00 22:30:00","0000-00-00 06:28:00"
"181","2013-06-30","0000-00-00 04:45:00","0000-00-00 05:55:00","0000-00-00 13:41:00","0000-00-00 14:00:00","0000-00-00 17:26:00","0000-00-00 18:45:00","0000-00-00 20:53:00","2 Min","0000-00-00 22:17:00","0000-00-00 22:30:00","0000-00-00 06:28:00"
"182","2013-07-01","0000-00-00 04:45:00","0000-00-00 06:00:00","0000-00-00 13:41:00","0000-00-00 14:00:00","0000-00-00 18:42:00","0000-00-00 18:45:00","0000-00-00 20:53:00","2 Min","0000-00-00 22:17:00","0000-00-00 22:30:00","0000-00-00 06:28:00"
"183","2013-07-02","0000-00-00 04:46:00","0000-00-00 06:00:00","0000-00-00 13:42:00","0000-00-00 14:00:00","0000-00-00 18:42:00","0000-00-00 18:45:00","0000-00-00 20:53:00","2 Min","0000-00-00 22:17:00","0000-00-00 22:30:00","0000-00-00 06:29:00"
"184","2013-07-03","0000-00-00 04:47:00","0000-00-00 06:00:00","0000-00-00 13:42:00","0000-00-00 14:00:00","0000-00-00 18:42:00","0000-00-00 18:45:00","0000-00-00 20:53:00","2 Min","0000-00-00 22:17:00","0000-00-00 22:30:00","0000-00-00 06:29:00"
"185","2013-07-04","0000-00-00 04:47:00","0000-00-00 06:00:00","0000-00-00 13:42:00","0000-00-00 14:00:00","0000-00-00 18:42:00","0000-00-00 18:45:00","0000-00-00 20:53:00","2 Min","0000-00-00 22:17:00","0000-00-00 22:30:00","0000-00-00 06:30:00"
"186","2013-07-05","0000-00-00 04:48:00","0000-00-00 06:00:00","0000-00-00 13:42:00","0000-00-00 14:00:00","0000-00-00 18:42:00","0000-00-00 18:45:00","0000-00-00 20:53:00","2 Min","0000-00-00 22:17:00","0000-00-00 22:30:00","0000-00-00 06:30:00"
"187","2013-07-06","0000-00-00 04:49:00","0000-00-00 06:00:00","0000-00-00 13:42:00","0000-00-00 14:00:00","0000-00-00 18:42:00","0000-00-00 18:45:00","0000-00-00 20:53:00","2 Min","0000-00-00 22:16:00","0000-00-00 22:30:00","0000-00-00 06:31:00"
"188","2013-07-07","0000-00-00 04:49:00","0000-00-00 06:00:00","0000-00-00 13:42:00","0000-00-00 14:00:00","0000-00-00 18:42:00","0000-00-00 18:45:00","0000-00-00 20:53:00","2 Min","0000-00-00 22:16:00","0000-00-00 22:30:00","0000-00-00 06:31:00"
"189","2013-07-08","0000-00-00 04:50:00","0000-00-00 06:00:00","0000-00-00 13:43:00","0000-00-00 14:00:00","0000-00-00 18:42:00","0000-00-00 18:45:00","0000-00-00 20:52:00","2 Min","0000-00-00 22:16:00","0000-00-00 22:30:00","0000-00-00 06:32:00"
"190","2013-07-09","0000-00-00 04:51:00","0000-00-00 06:00:00","0000-00-00 13:43:00","0000-00-00 14:00:00","0000-00-00 18:42:00","0000-00-00 18:45:00","0000-00-00 20:52:00","2 Min","0000-00-00 22:15:00","0000-00-00 22:30:00","0000-00-00 06:32:00"
"191","2013-07-10","0000-00-00 04:52:00","0000-00-00 06:00:00","0000-00-00 13:43:00","0000-00-00 14:00:00","0000-00-00 18:42:00","0000-00-00 18:45:00","0000-00-00 20:52:00","2 Min","0000-00-00 22:15:00","0000-00-00 22:30:00","0000-00-00 06:33:00"
"192","2013-07-11","0000-00-00 04:52:00","0000-00-00 06:00:00","0000-00-00 13:43:00","0000-00-00 14:00:00","0000-00-00 18:42:00","0000-00-00 18:45:00","0000-00-00 20:52:00","2 Min","0000-00-00 22:14:00","0000-00-00 22:30:00","0000-00-00 06:33:00"
"193","2013-07-12","0000-00-00 04:53:00","0000-00-00 06:00:00","0000-00-00 13:43:00","0000-00-00 14:00:00","0000-00-00 18:42:00","0000-00-00 18:45:00","0000-00-00 20:51:00","2 Min","0000-00-00 22:14:00","0000-00-00 22:30:00","0000-00-00 06:34:00"
"194","2013-07-13","0000-00-00 04:54:00","0000-00-00 06:00:00","0000-00-00 13:43:00","0000-00-00 14:00:00","0000-00-00 18:42:00","0000-00-00 18:45:00","0000-00-00 20:51:00","2 Min","0000-00-00 22:13:00","0000-00-00 22:30:00","0000-00-00 06:34:00"
"195","2013-07-14","0000-00-00 04:55:00","0000-00-00 06:00:00","0000-00-00 13:43:00","0000-00-00 14:00:00","0000-00-00 18:42:00","0000-00-00 18:45:00","0000-00-00 20:51:00","2 Min","0000-00-00 22:13:00","0000-00-00 22:30:00","0000-00-00 06:35:00"
"196","2013-07-15","0000-00-00 04:56:00","0000-00-00 06:00:00","0000-00-00 13:44:00","0000-00-00 14:00:00","0000-00-00 18:41:00","0000-00-00 18:45:00","0000-00-00 20:50:00","2 Min","0000-00-00 22:12:00","0000-00-00 22:25:00","0000-00-00 06:36:00"
"197","2013-07-16","0000-00-00 04:57:00","0000-00-00 06:00:00","0000-00-00 13:44:00","0000-00-00 14:00:00","0000-00-00 18:41:00","0000-00-00 18:45:00","0000-00-00 20:50:00","2 Min","0000-00-00 22:12:00","0000-00-00 22:25:00","0000-00-00 06:36:00"
"198","2013-07-17","0000-00-00 04:58:00","0000-00-00 06:00:00","0000-00-00 13:44:00","0000-00-00 14:00:00","0000-00-00 18:41:00","0000-00-00 18:45:00","0000-00-00 20:49:00","2 Min","0000-00-00 22:11:00","0000-00-00 22:25:00","0000-00-00 06:37:00"
"199","2013-07-18","0000-00-00 04:59:00","0000-00-00 06:00:00","0000-00-00 13:44:00","0000-00-00 14:00:00","0000-00-00 18:41:00","0000-00-00 18:45:00","0000-00-00 20:49:00","2 Min","0000-00-00 22:10:00","0000-00-00 22:25:00","0000-00-00 06:38:00"
"200","2013-07-19","0000-00-00 04:59:00","0000-00-00 06:00:00","0000-00-00 13:44:00","0000-00-00 14:00:00","0000-00-00 18:41:00","0000-00-00 18:45:00","0000-00-00 20:48:00","2 Min","0000-00-00 22:10:00","0000-00-00 22:25:00","0000-00-00 06:38:00"
"201","2013-07-20","0000-00-00 05:00:00","0000-00-00 06:00:00","0000-00-00 13:44:00","0000-00-00 14:00:00","0000-00-00 18:40:00","0000-00-00 18:45:00","0000-00-00 20:48:00","2 Min","0000-00-00 22:10:00","0000-00-00 22:25:00","0000-00-00 06:39:00"
"202","2013-07-21","0000-00-00 05:01:00","0000-00-00 06:00:00","0000-00-00 13:44:00","0000-00-00 14:00:00","0000-00-00 18:40:00","0000-00-00 18:45:00","0000-00-00 20:47:00","2 Min","0000-00-00 22:09:00","0000-00-00 22:25:00","0000-00-00 06:39:00"
"203","2013-07-22","0000-00-00 05:02:00","0000-00-00 06:00:00","0000-00-00 13:44:00","0000-00-00 14:00:00","0000-00-00 18:40:00","0000-00-00 18:45:00","0000-00-00 20:47:00","2 Min","0000-00-00 22:08:00","0000-00-00 22:20:00","0000-00-00 06:40:00"
"204","2013-07-23","0000-00-00 05:03:00","0000-00-00 06:00:00","0000-00-00 13:44:00","0000-00-00 14:00:00","0000-00-00 18:40:00","0000-00-00 18:45:00","0000-00-00 20:46:00","2 Min","0000-00-00 22:07:00","0000-00-00 22:20:00","0000-00-00 06:41:00"
"205","2013-07-24","0000-00-00 05:04:00","0000-00-00 06:00:00","0000-00-00 13:44:00","0000-00-00 14:00:00","0000-00-00 18:39:00","0000-00-00 18:45:00","0000-00-00 20:46:00","2 Min","0000-00-00 22:06:00","0000-00-00 22:20:00","0000-00-00 06:42:00"
"206","2013-07-25","0000-00-00 05:05:00","0000-00-00 06:00:00","0000-00-00 13:44:00","0000-00-00 14:00:00","0000-00-00 18:39:00","0000-00-00 18:45:00","0000-00-00 20:45:00","2 Min","0000-00-00 22:06:00","0000-00-00 22:20:00","0000-00-00 06:42:00"
"207","2013-07-26","0000-00-00 05:06:00","0000-00-00 06:00:00","0000-00-00 13:44:00","0000-00-00 14:00:00","0000-00-00 18:39:00","0000-00-00 18:45:00","0000-00-00 20:44:00","2 Min","0000-00-00 22:05:00","0000-00-00 22:20:00","0000-00-00 06:43:00"
"208","2013-07-27","0000-00-00 05:07:00","0000-00-00 06:00:00","0000-00-00 13:44:00","0000-00-00 14:00:00","0000-00-00 18:38:00","0000-00-00 18:45:00","0000-00-00 20:43:00","2 Min","0000-00-00 22:04:00","0000-00-00 22:20:00","0000-00-00 06:44:00"
"209","2013-07-28","0000-00-00 05:09:00","0000-00-00 06:00:00","0000-00-00 13:44:00","0000-00-00 14:00:00","0000-00-00 18:38:00","0000-00-00 18:45:00","0000-00-00 20:43:00","2 Min","0000-00-00 22:03:00","0000-00-00 22:20:00","0000-00-00 06:44:00"
"210","2013-07-29","0000-00-00 05:10:00","0000-00-00 06:00:00","0000-00-00 13:44:00","0000-00-00 14:00:00","0000-00-00 18:38:00","0000-00-00 18:45:00","0000-00-00 20:42:00","2 Min","0000-00-00 22:02:00","0000-00-00 22:20:00","0000-00-00 06:45:00"
"211","2013-07-30","0000-00-00 05:11:00","0000-00-00 06:00:00","0000-00-00 13:44:00","0000-00-00 14:00:00","0000-00-00 18:37:00","0000-00-00 18:45:00","0000-00-00 20:41:00","2 Min","0000-00-00 22:01:00","0000-00-00 22:20:00","0000-00-00 06:46:00"
"212","2013-07-31","0000-00-00 05:12:00","0000-00-00 06:00:00","0000-00-00 13:44:00","0000-00-00 14:00:00","0000-00-00 18:37:00","0000-00-00 18:45:00","0000-00-00 20:40:00","2 Min","0000-00-00 22:00:00","0000-00-00 22:20:00","0000-00-00 06:46:00"
"213","2013-08-01","0000-00-00 05:13:00","0000-00-00 06:15:00","0000-00-00 13:44:00","0000-00-00 14:00:00","0000-00-00 18:36:00","0000-00-00 18:45:00","0000-00-00 20:40:00","2 Min","0000-00-00 21:58:00","0000-00-00 22:10:00","0000-00-00 06:47:00"
"214","2013-08-02","0000-00-00 05:14:00","0000-00-00 06:15:00","0000-00-00 13:44:00","0000-00-00 14:00:00","0000-00-00 18:36:00","0000-00-00 18:45:00","0000-00-00 20:39:00","2 Min","0000-00-00 21:56:00","0000-00-00 22:10:00","0000-00-00 06:48:00"
"215","2013-08-03","0000-00-00 05:15:00","0000-00-00 06:15:00","0000-00-00 13:44:00","0000-00-00 14:00:00","0000-00-00 00:00:00","0000-00-00 18:45:00","0000-00-00 20:38:00","2 Min","0000-00-00 21:55:00","0000-00-00 22:10:00","0000-00-00 06:49:00"
"216","2013-08-04","0000-00-00 05:16:00","0000-00-00 06:15:00","0000-00-00 13:44:00","0000-00-00 14:00:00","0000-00-00 18:35:00","0000-00-00 18:45:00","0000-00-00 20:37:00","2 Min","0000-00-00 21:54:00","0000-00-00 22:10:00","0000-00-00 06:49:00"
"217","2013-08-05","0000-00-00 05:17:00","0000-00-00 06:15:00","0000-00-00 13:44:00","0000-00-00 14:00:00","0000-00-00 18:34:00","0000-00-00 18:45:00","0000-00-00 20:36:00","2 Min","0000-00-00 21:53:00","0000-00-00 22:10:00","0000-00-00 06:50:00"
"218","2013-08-06","0000-00-00 05:18:00","0000-00-00 06:15:00","0000-00-00 13:44:00","0000-00-00 14:00:00","0000-00-00 18:34:00","0000-00-00 18:45:00","0000-00-00 20:35:00","2 Min","0000-00-00 21:52:00","0000-00-00 22:10:00","0000-00-00 06:51:00"
"219","2013-08-07","0000-00-00 05:19:00","0000-00-00 06:15:00","0000-00-00 13:44:00","0000-00-00 14:00:00","0000-00-00 18:33:00","0000-00-00 18:45:00","0000-00-00 20:34:00","2 Min","0000-00-00 21:51:00","0000-00-00 22:10:00","0000-00-00 06:52:00"
"220","2013-08-08","0000-00-00 05:20:00","0000-00-00 06:15:00","0000-00-00 13:43:00","0000-00-00 14:00:00","0000-00-00 18:32:00","0000-00-00 18:45:00","0000-00-00 20:33:00","2 Min","0000-00-00 21:49:00","0000-00-00 22:00:00","0000-00-00 06:52:00"
"221","2013-08-09","0000-00-00 05:21:00","0000-00-00 06:15:00","0000-00-00 13:43:00","0000-00-00 14:00:00","0000-00-00 18:32:00","0000-00-00 18:45:00","0000-00-00 20:32:00","2 Min","0000-00-00 21:48:00","0000-00-00 22:00:00","0000-00-00 06:53:00"
"222","2013-08-10","0000-00-00 05:22:00","0000-00-00 06:15:00","0000-00-00 13:43:00","0000-00-00 14:00:00","0000-00-00 18:31:00","0000-00-00 18:45:00","0000-00-00 20:31:00","2 Min","0000-00-00 21:47:00","0000-00-00 22:00:00","0000-00-00 06:54:00"
"223","2013-08-11","0000-00-00 05:23:00","0000-00-00 06:15:00","0000-00-00 13:43:00","0000-00-00 14:00:00","0000-00-00 18:31:00","0000-00-00 18:45:00","0000-00-00 20:30:00","2 Min","0000-00-00 21:46:00","0000-00-00 22:00:00","0000-00-00 06:54:00"
"224","2013-08-12","0000-00-00 05:24:00","0000-00-00 06:15:00","0000-00-00 13:43:00","0000-00-00 14:00:00","0000-00-00 18:30:00","0000-00-00 18:45:00","0000-00-00 20:29:00","2 Min","0000-00-00 21:44:00","0000-00-00 22:00:00","0000-00-00 06:55:00"
"225","2013-08-13","0000-00-00 05:25:00","0000-00-00 06:15:00","0000-00-00 13:43:00","0000-00-00 14:00:00","0000-00-00 18:29:00","0000-00-00 18:45:00","0000-00-00 20:28:00","2 Min","0000-00-00 21:43:00","0000-00-00 22:00:00","0000-00-00 06:56:00"
"226","2013-08-14","0000-00-00 05:26:00","0000-00-00 06:15:00","0000-00-00 13:43:00","0000-00-00 14:00:00","0000-00-00 18:29:00","0000-00-00 18:45:00","0000-00-00 20:27:00","2 Min","0000-00-00 21:42:00","0000-00-00 22:00:00","0000-00-00 06:57:00"
"227","2013-08-15","0000-00-00 05:27:00","0000-00-00 06:15:00","0000-00-00 13:42:00","0000-00-00 14:00:00","0000-00-00 18:28:00","0000-00-00 18:30:00","0000-00-00 20:26:00","2 Min","0000-00-00 21:40:00","0000-00-00 21:50:00","0000-00-00 06:57:00"
"228","2013-08-16","0000-00-00 05:28:00","0000-00-00 06:15:00","0000-00-00 13:42:00","0000-00-00 14:00:00","0000-00-00 18:27:00","0000-00-00 18:30:00","0000-00-00 20:25:00","2 Min","0000-00-00 21:39:00","0000-00-00 21:50:00","0000-00-00 06:58:00"
"229","2013-08-17","0000-00-00 05:29:00","0000-00-00 06:15:00","0000-00-00 13:42:00","0000-00-00 14:00:00","0000-00-00 18:26:00","0000-00-00 18:30:00","0000-00-00 20:24:00","2 Min","0000-00-00 21:38:00","0000-00-00 21:50:00","0000-00-00 06:59:00"
"230","2013-08-18","0000-00-00 05:30:00","0000-00-00 06:15:00","0000-00-00 13:42:00","0000-00-00 14:00:00","0000-00-00 18:26:00","0000-00-00 18:30:00","0000-00-00 20:22:00","2 Min","0000-00-00 21:36:00","0000-00-00 21:50:00","0000-00-00 07:00:00"
"231","2013-08-19","0000-00-00 05:31:00","0000-00-00 06:15:00","0000-00-00 13:42:00","0000-00-00 14:00:00","0000-00-00 18:25:00","0000-00-00 18:30:00","0000-00-00 20:21:00","2 Min","0000-00-00 21:35:00","0000-00-00 21:50:00","0000-00-00 07:00:00"
"232","2013-08-20","0000-00-00 05:32:00","0000-00-00 06:15:00","0000-00-00 13:41:00","0000-00-00 14:00:00","0000-00-00 18:24:00","0000-00-00 18:30:00","0000-00-00 20:20:00","2 Min","0000-00-00 21:34:00","0000-00-00 21:50:00","0000-00-00 07:01:00"
"233","2013-08-21","0000-00-00 05:33:00","0000-00-00 06:15:00","0000-00-00 13:41:00","0000-00-00 14:00:00","0000-00-00 18:23:00","0000-00-00 18:30:00","0000-00-00 20:19:00","2 Min","0000-00-00 21:32:00","0000-00-00 21:50:00","0000-00-00 07:02:00"
"234","2013-08-22","0000-00-00 05:34:00","0000-00-00 06:15:00","0000-00-00 13:41:00","0000-00-00 14:00:00","0000-00-00 18:22:00","0000-00-00 18:30:00","0000-00-00 20:18:00","2 Min","0000-00-00 21:31:00","0000-00-00 21:40:00","0000-00-00 07:02:00"
"235","2013-08-23","0000-00-00 05:35:00","0000-00-00 06:15:00","0000-00-00 13:41:00","0000-00-00 14:00:00","0000-00-00 18:21:00","0000-00-00 18:30:00","0000-00-00 20:16:00","2 Min","0000-00-00 21:29:00","0000-00-00 21:40:00","0000-00-00 07:03:00"
"236","2013-08-24","0000-00-00 05:36:00","0000-00-00 06:15:00","0000-00-00 13:40:00","0000-00-00 14:00:00","0000-00-00 18:21:00","0000-00-00 18:30:00","0000-00-00 20:15:00","2 Min","0000-00-00 21:28:00","0000-00-00 21:40:00","0000-00-00 07:04:00"
"237","2013-08-25","0000-00-00 05:37:00","0000-00-00 06:15:00","0000-00-00 13:40:00","0000-00-00 14:00:00","0000-00-00 18:20:00","0000-00-00 18:30:00","0000-00-00 20:14:00","2 Min","0000-00-00 21:26:00","0000-00-00 21:40:00","0000-00-00 07:05:00"
"238","2013-08-26","0000-00-00 05:38:00","0000-00-00 06:15:00","0000-00-00 13:40:00","0000-00-00 14:00:00","0000-00-00 18:19:00","0000-00-00 18:30:00","0000-00-00 20:13:00","2 Min","0000-00-00 21:25:00","0000-00-00 21:40:00","0000-00-00 07:05:00"
"239","2013-08-27","0000-00-00 05:39:00","0000-00-00 06:15:00","0000-00-00 13:39:00","0000-00-00 14:00:00","0000-00-00 18:18:00","0000-00-00 18:30:00","0000-00-00 20:11:00","2 Min","0000-00-00 21:24:00","0000-00-00 21:40:00","0000-00-00 07:06:00"
"240","2013-08-28","0000-00-00 05:40:00","0000-00-00 06:15:00","0000-00-00 13:39:00","0000-00-00 14:00:00","0000-00-00 18:17:00","0000-00-00 18:30:00","0000-00-00 20:10:00","2 Min","0000-00-00 21:22:00","0000-00-00 21:40:00","0000-00-00 07:07:00"
"241","2013-08-29","0000-00-00 05:41:00","0000-00-00 06:15:00","0000-00-00 13:39:00","0000-00-00 14:00:00","0000-00-00 18:16:00","0000-00-00 18:30:00","0000-00-00 20:09:00","2 Min","0000-00-00 21:21:00","0000-00-00 21:40:00","0000-00-00 07:07:00"
"242","2013-08-30","0000-00-00 05:42:00","0000-00-00 06:15:00","0000-00-00 13:39:00","0000-00-00 14:00:00","0000-00-00 18:15:00","0000-00-00 18:30:00","0000-00-00 20:08:00","2 Min","0000-00-00 21:19:00","0000-00-00 21:40:00","0000-00-00 07:08:00"
"243","2013-08-31","0000-00-00 05:43:00","0000-00-00 06:15:00","0000-00-00 13:38:00","0000-00-00 14:00:00","0000-00-00 18:14:00","0000-00-00 18:30:00","0000-00-00 20:06:00","2 Min","0000-00-00 21:18:00","0000-00-00 21:40:00","0000-00-00 07:09:00"
"244","2013-09-01","0000-00-00 05:44:00","0000-00-00 06:15:00","0000-00-00 13:38:00","0000-00-00 14:00:00","0000-00-00 17:15:00","0000-00-00 18:15:00","0000-00-00 20:05:00","2 Min","0000-00-00 21:16:00","0000-00-00 21:25:00","0000-00-00 07:09:00"
"245","2013-09-02","0000-00-00 05:45:00","0000-00-00 06:15:00","0000-00-00 13:38:00","0000-00-00 14:00:00","0000-00-00 17:15:00","0000-00-00 18:15:00","0000-00-00 20:04:00","2 Min","0000-00-00 21:15:00","0000-00-00 21:25:00","0000-00-00 07:10:00"
"246","2013-09-03","0000-00-00 05:46:00","0000-00-00 06:15:00","0000-00-00 13:37:00","0000-00-00 14:00:00","0000-00-00 17:15:00","0000-00-00 18:15:00","0000-00-00 20:02:00","2 Min","0000-00-00 21:13:00","0000-00-00 21:25:00","0000-00-00 07:11:00"
"247","2013-09-04","0000-00-00 05:47:00","0000-00-00 06:15:00","0000-00-00 13:37:00","0000-00-00 14:00:00","0000-00-00 17:15:00","0000-00-00 18:15:00","0000-00-00 20:01:00","2 Min","0000-00-00 21:12:00","0000-00-00 21:25:00","0000-00-00 07:12:00"
"248","2013-09-05","0000-00-00 05:48:00","0000-00-00 06:15:00","0000-00-00 13:37:00","0000-00-00 14:00:00","0000-00-00 17:15:00","0000-00-00 18:15:00","0000-00-00 20:00:00","2 Min","0000-00-00 21:10:00","0000-00-00 21:25:00","0000-00-00 07:12:00"
"249","2013-09-06","0000-00-00 05:49:00","0000-00-00 06:15:00","0000-00-00 13:36:00","0000-00-00 14:00:00","0000-00-00 17:15:00","0000-00-00 18:15:00","0000-00-00 19:58:00","2 Min","0000-00-00 21:09:00","0000-00-00 21:25:00","0000-00-00 07:13:00"
"250","2013-09-07","0000-00-00 05:49:00","0000-00-00 06:15:00","0000-00-00 13:36:00","0000-00-00 14:00:00","0000-00-00 17:15:00","0000-00-00 18:15:00","0000-00-00 19:57:00","2 Min","0000-00-00 21:07:00","0000-00-00 21:25:00","0000-00-00 07:14:00"
"251","2013-09-08","0000-00-00 05:50:00","0000-00-00 06:15:00","0000-00-00 13:36:00","0000-00-00 14:00:00","0000-00-00 17:15:00","0000-00-00 18:15:00","0000-00-00 19:55:00","2 Min","0000-00-00 21:06:00","0000-00-00 21:15:00","0000-00-00 07:14:00"
"252","2013-09-09","0000-00-00 05:51:00","0000-00-00 06:15:00","0000-00-00 13:35:00","0000-00-00 14:00:00","0000-00-00 17:15:00","0000-00-00 18:15:00","0000-00-00 19:54:00","2 Min","0000-00-00 21:04:00","0000-00-00 21:15:00","0000-00-00 07:15:00"
"253","2013-09-10","0000-00-00 05:52:00","0000-00-00 06:15:00","0000-00-00 13:35:00","0000-00-00 14:00:00","0000-00-00 17:15:00","0000-00-00 18:15:00","0000-00-00 19:53:00","2 Min","0000-00-00 21:03:00","0000-00-00 21:15:00","0000-00-00 07:16:00"
"254","2013-09-11","0000-00-00 05:53:00","0000-00-00 06:15:00","0000-00-00 13:35:00","0000-00-00 14:00:00","0000-00-00 17:15:00","0000-00-00 18:15:00","0000-00-00 19:51:00","2 Min","0000-00-00 21:01:00","0000-00-00 21:15:00","0000-00-00 07:16:00"
"255","2013-09-12","0000-00-00 05:54:00","0000-00-00 06:15:00","0000-00-00 13:34:00","0000-00-00 14:00:00","0000-00-00 17:15:00","0000-00-00 18:15:00","0000-00-00 19:50:00","2 Min","0000-00-00 21:00:00","0000-00-00 21:15:00","0000-00-00 07:17:00"
"256","2013-09-13","0000-00-00 05:55:00","0000-00-00 06:15:00","0000-00-00 13:34:00","0000-00-00 14:00:00","0000-00-00 17:15:00","0000-00-00 18:15:00","0000-00-00 19:49:00","2 Min","0000-00-00 20:58:00","0000-00-00 21:15:00","0000-00-00 07:18:00"
"257","2013-09-14","0000-00-00 05:55:00","0000-00-00 06:15:00","0000-00-00 13:34:00","0000-00-00 14:00:00","0000-00-00 17:15:00","0000-00-00 18:15:00","0000-00-00 19:47:00","2 Min","0000-00-00 20:57:00","0000-00-00 21:15:00","0000-00-00 07:19:00"
"258","2013-09-15","0000-00-00 05:56:00","0000-00-00 06:30:00","0000-00-00 13:33:00","0000-00-00 14:00:00","0000-00-00 17:15:00","0000-00-00 18:00:00","0000-00-00 19:46:00","2 Min","0000-00-00 20:55:00","0000-00-00 21:05:00","0000-00-00 07:19:00"
"259","2013-09-16","0000-00-00 05:57:00","0000-00-00 06:30:00","0000-00-00 13:33:00","0000-00-00 14:00:00","0000-00-00 17:15:00","0000-00-00 18:00:00","0000-00-00 19:44:00","2 Min","0000-00-00 20:54:00","0000-00-00 21:05:00","0000-00-00 07:20:00"
"260","2013-09-17","0000-00-00 05:58:00","0000-00-00 06:30:00","0000-00-00 13:33:00","0000-00-00 14:00:00","0000-00-00 17:15:00","0000-00-00 18:00:00","0000-00-00 19:43:00","2 Min","0000-00-00 20:52:00","0000-00-00 21:05:00","0000-00-00 07:21:00"
"261","2013-09-18","0000-00-00 05:59:00","0000-00-00 06:30:00","0000-00-00 13:32:00","0000-00-00 14:00:00","0000-00-00 17:15:00","0000-00-00 18:00:00","0000-00-00 19:42:00","2 Min","0000-00-00 20:51:00","0000-00-00 21:05:00","0000-00-00 07:21:00"
"262","2013-09-19","0000-00-00 05:59:00","0000-00-00 06:30:00","0000-00-00 13:32:00","0000-00-00 14:00:00","0000-00-00 17:15:00","0000-00-00 18:00:00","0000-00-00 19:40:00","2 Min","0000-00-00 20:49:00","0000-00-00 21:05:00","0000-00-00 07:22:00"
"263","2013-09-20","0000-00-00 06:00:00","0000-00-00 06:30:00","0000-00-00 13:31:00","0000-00-00 14:00:00","0000-00-00 17:15:00","0000-00-00 18:00:00","0000-00-00 19:39:00","2 Min","0000-00-00 20:48:00","0000-00-00 21:05:00","0000-00-00 07:23:00"
"264","2013-09-21","0000-00-00 06:01:00","0000-00-00 06:30:00","0000-00-00 13:31:00","0000-00-00 14:00:00","0000-00-00 17:15:00","0000-00-00 18:00:00","0000-00-00 19:37:00","2 Min","0000-00-00 20:46:00","0000-00-00 21:05:00","0000-00-00 07:23:00"
"265","2013-09-22","0000-00-00 06:02:00","0000-00-00 06:30:00","0000-00-00 13:31:00","0000-00-00 14:00:00","0000-00-00 17:15:00","0000-00-00 18:00:00","0000-00-00 19:36:00","2 Min","0000-00-00 20:45:00","0000-00-00 21:00:00","0000-00-00 07:24:00"
"266","2013-09-23","0000-00-00 06:03:00","0000-00-00 06:30:00","0000-00-00 13:30:00","0000-00-00 14:00:00","0000-00-00 17:15:00","0000-00-00 18:00:00","0000-00-00 19:34:00","2 Min","0000-00-00 20:43:00","0000-00-00 21:00:00","0000-00-00 07:25:00"
"267","2013-09-24","0000-00-00 06:03:00","0000-00-00 06:30:00","0000-00-00 13:30:00","0000-00-00 14:00:00","0000-00-00 17:15:00","0000-00-00 18:00:00","0000-00-00 19:33:00","2 Min","0000-00-00 20:42:00","0000-00-00 21:00:00","0000-00-00 07:25:00"
"268","2013-09-25","0000-00-00 06:04:00","0000-00-00 06:30:00","0000-00-00 13:30:00","0000-00-00 14:00:00","0000-00-00 17:15:00","0000-00-00 18:00:00","0000-00-00 19:32:00","2 Min","0000-00-00 20:40:00","0000-00-00 21:00:00","0000-00-00 07:26:00"
"269","2013-09-26","0000-00-00 06:05:00","0000-00-00 06:30:00","0000-00-00 13:29:00","0000-00-00 14:00:00","0000-00-00 17:15:00","0000-00-00 18:00:00","0000-00-00 19:30:00","2 Min","0000-00-00 20:39:00","0000-00-00 21:00:00","0000-00-00 07:27:00"
"270","2013-09-27","0000-00-00 06:06:00","0000-00-00 06:30:00","0000-00-00 13:29:00","0000-00-00 14:00:00","0000-00-00 17:15:00","0000-00-00 18:00:00","0000-00-00 19:29:00","2 Min","0000-00-00 20:37:00","0000-00-00 21:00:00","0000-00-00 07:28:00"
"271","2013-09-28","0000-00-00 06:06:00","0000-00-00 06:30:00","0000-00-00 13:29:00","0000-00-00 14:00:00","0000-00-00 17:15:00","0000-00-00 18:00:00","0000-00-00 19:27:00","2 Min","0000-00-00 20:36:00","0000-00-00 21:00:00","0000-00-00 07:28:00"
"272","2013-09-29","0000-00-00 06:07:00","0000-00-00 06:30:00","0000-00-00 13:28:00","0000-00-00 14:00:00","0000-00-00 17:15:00","0000-00-00 18:00:00","0000-00-00 19:26:00","2 Min","0000-00-00 20:35:00","0000-00-00 21:00:00","0000-00-00 07:29:00"
"273","2013-09-30","0000-00-00 06:08:00","0000-00-00 06:30:00","0000-00-00 13:28:00","0000-00-00 14:00:00","0000-00-00 17:15:00","0000-00-00 18:00:00","0000-00-00 19:25:00","2 Min","0000-00-00 20:33:00","0000-00-00 21:00:00","0000-00-00 07:30:00"
"274","2013-10-01","0000-00-00 06:09:00","0000-00-00 06:40:00","0000-00-00 13:28:00","0000-00-00 14:00:00","0000-00-00 16:50:00","0000-00-00 17:45:00","0000-00-00 19:23:00","2 Min","0000-00-00 20:32:00","0000-00-00 20:45:00","0000-00-00 07:30:00"
"275","2013-10-02","0000-00-00 06:10:00","0000-00-00 06:40:00","0000-00-00 13:27:00","0000-00-00 14:00:00","0000-00-00 16:49:00","0000-00-00 17:45:00","0000-00-00 19:22:00","2 Min","0000-00-00 20:30:00","0000-00-00 20:45:00","0000-00-00 07:31:00"
"276","2013-10-03","0000-00-00 06:10:00","0000-00-00 06:40:00","0000-00-00 13:27:00","0000-00-00 14:00:00","0000-00-00 16:48:00","0000-00-00 17:45:00","0000-00-00 19:21:00","2 Min","0000-00-00 20:29:00","0000-00-00 20:45:00","0000-00-00 07:32:00"
"277","2013-10-04","0000-00-00 06:11:00","0000-00-00 06:40:00","0000-00-00 13:27:00","0000-00-00 14:00:00","0000-00-00 16:47:00","0000-00-00 17:45:00","0000-00-00 19:19:00","2 Min","0000-00-00 20:28:00","0000-00-00 20:45:00","0000-00-00 07:33:00"
"278","2013-10-05","0000-00-00 06:12:00","0000-00-00 06:40:00","0000-00-00 13:26:00","0000-00-00 14:00:00","0000-00-00 16:46:00","0000-00-00 17:45:00","0000-00-00 19:18:00","2 Min","0000-00-00 20:26:00","0000-00-00 20:45:00","0000-00-00 07:33:00"
"279","2013-10-06","0000-00-00 06:13:00","0000-00-00 06:40:00","0000-00-00 13:26:00","0000-00-00 14:00:00","0000-00-00 16:45:00","0000-00-00 17:45:00","0000-00-00 19:17:00","2 Min","0000-00-00 20:25:00","0000-00-00 20:45:00","0000-00-00 07:34:00"
"280","2013-10-07","0000-00-00 06:13:00","0000-00-00 06:40:00","0000-00-00 13:26:00","0000-00-00 14:00:00","0000-00-00 16:44:00","0000-00-00 17:45:00","0000-00-00 19:15:00","2 Min","0000-00-00 20:24:00","0000-00-00 20:45:00","0000-00-00 07:35:00"
"281","2013-10-08","0000-00-00 06:14:00","0000-00-00 06:40:00","0000-00-00 13:25:00","0000-00-00 14:00:00","0000-00-00 16:43:00","0000-00-00 17:45:00","0000-00-00 19:14:00","2 Min","0000-00-00 20:22:00","0000-00-00 20:45:00","0000-00-00 07:36:00"
"282","2013-10-09","0000-00-00 06:15:00","0000-00-00 06:40:00","0000-00-00 13:25:00","0000-00-00 14:00:00","0000-00-00 16:43:00","0000-00-00 17:45:00","0000-00-00 19:13:00","2 Min","0000-00-00 20:21:00","0000-00-00 20:45:00","0000-00-00 07:36:00"
"283","2013-10-10","0000-00-00 06:16:00","0000-00-00 06:40:00","0000-00-00 13:25:00","0000-00-00 14:00:00","0000-00-00 16:42:00","0000-00-00 17:45:00","0000-00-00 19:11:00","2 Min","0000-00-00 20:20:00","0000-00-00 20:45:00","0000-00-00 07:37:00"
"284","2013-10-11","0000-00-00 06:16:00","0000-00-00 06:40:00","0000-00-00 13:25:00","0000-00-00 14:00:00","0000-00-00 16:41:00","0000-00-00 17:45:00","0000-00-00 19:10:00","2 Min","0000-00-00 20:18:00","0000-00-00 20:45:00","0000-00-00 07:38:00"
"285","2013-10-12","0000-00-00 06:17:00","0000-00-00 06:40:00","0000-00-00 13:24:00","0000-00-00 14:00:00","0000-00-00 16:40:00","0000-00-00 17:45:00","0000-00-00 19:09:00","2 Min","0000-00-00 20:17:00","0000-00-00 20:45:00","0000-00-00 07:39:00"
"286","2013-10-13","0000-00-00 06:18:00","0000-00-00 06:40:00","0000-00-00 13:24:00","0000-00-00 14:00:00","0000-00-00 16:39:00","0000-00-00 17:45:00","0000-00-00 19:07:00","2 Min","0000-00-00 20:16:00","0000-00-00 20:45:00","0000-00-00 07:40:00"
"287","2013-10-14","0000-00-00 06:19:00","0000-00-00 06:40:00","0000-00-00 13:24:00","0000-00-00 14:00:00","0000-00-00 16:38:00","0000-00-00 17:45:00","0000-00-00 19:06:00","2 Min","0000-00-00 20:15:00","0000-00-00 20:45:00","0000-00-00 07:40:00"
"288","2013-10-15","0000-00-00 06:19:00","0000-00-00 06:50:00","0000-00-00 13:24:00","0000-00-00 14:00:00","0000-00-00 16:37:00","0000-00-00 17:30:00","0000-00-00 19:05:00","2 Min","0000-00-00 20:13:00","0000-00-00 20:30:00","0000-00-00 07:41:00"
"289","2013-10-16","0000-00-00 06:20:00","0000-00-00 06:50:00","0000-00-00 13:23:00","0000-00-00 14:00:00","0000-00-00 16:36:00","0000-00-00 17:30:00","0000-00-00 19:04:00","2 Min","0000-00-00 20:12:00","0000-00-00 20:30:00","0000-00-00 07:42:00"
"290","2013-10-17","0000-00-00 06:21:00","0000-00-00 06:50:00","0000-00-00 13:23:00","0000-00-00 14:00:00","0000-00-00 16:35:00","0000-00-00 17:30:00","0000-00-00 19:02:00","2 Min","0000-00-00 20:11:00","0000-00-00 20:30:00","0000-00-00 07:43:00"
"291","2013-10-18","0000-00-00 06:22:00","0000-00-00 06:50:00","0000-00-00 13:23:00","0000-00-00 14:00:00","0000-00-00 16:34:00","0000-00-00 17:30:00","0000-00-00 19:01:00","2 Min","0000-00-00 20:10:00","0000-00-00 20:30:00","0000-00-00 07:44:00"
"292","2013-10-19","0000-00-00 06:22:00","0000-00-00 06:50:00","0000-00-00 13:23:00","0000-00-00 14:00:00","0000-00-00 16:33:00","0000-00-00 17:30:00","0000-00-00 19:00:00","2 Min","0000-00-00 20:09:00","0000-00-00 20:30:00","0000-00-00 07:44:00"
"293","2013-10-20","0000-00-00 06:23:00","0000-00-00 06:50:00","0000-00-00 13:23:00","0000-00-00 14:00:00","0000-00-00 16:32:00","0000-00-00 17:30:00","0000-00-00 18:59:00","2 Min","0000-00-00 20:08:00","0000-00-00 20:30:00","0000-00-00 07:45:00"
"294","2013-10-21","0000-00-00 06:24:00","0000-00-00 06:50:00","0000-00-00 13:22:00","0000-00-00 14:00:00","0000-00-00 16:31:00","0000-00-00 17:30:00","0000-00-00 18:58:00","2 Min","0000-00-00 20:06:00","0000-00-00 20:30:00","0000-00-00 07:46:00"
"295","2013-10-22","0000-00-00 06:25:00","0000-00-00 06:50:00","0000-00-00 13:22:00","0000-00-00 14:00:00","0000-00-00 16:31:00","0000-00-00 17:30:00","0000-00-00 18:56:00","2 Min","0000-00-00 20:05:00","0000-00-00 20:30:00","0000-00-00 07:47:00"
"296","2013-10-23","0000-00-00 06:25:00","0000-00-00 06:50:00","0000-00-00 13:22:00","0000-00-00 14:00:00","0000-00-00 16:30:00","0000-00-00 17:30:00","0000-00-00 18:55:00","2 Min","0000-00-00 20:04:00","0000-00-00 20:30:00","0000-00-00 07:48:00"
"297","2013-10-24","0000-00-00 06:26:00","0000-00-00 06:50:00","0000-00-00 13:22:00","0000-00-00 14:00:00","0000-00-00 16:29:00","0000-00-00 17:30:00","0000-00-00 18:54:00","2 Min","0000-00-00 20:03:00","0000-00-00 20:30:00","0000-00-00 07:49:00"
"298","2013-10-25","0000-00-00 06:27:00","0000-00-00 06:50:00","0000-00-00 13:22:00","0000-00-00 14:00:00","0000-00-00 16:28:00","0000-00-00 17:30:00","0000-00-00 18:53:00","2 Min","0000-00-00 20:02:00","0000-00-00 20:30:00","0000-00-00 07:49:00"
"299","2013-10-26","0000-00-00 06:28:00","0000-00-00 06:50:00","0000-00-00 13:22:00","0000-00-00 14:00:00","0000-00-00 16:27:00","0000-00-00 17:30:00","0000-00-00 18:52:00","2 Min","0000-00-00 20:01:00","0000-00-00 20:30:00","0000-00-00 07:50:00"
"300","2013-10-27","0000-00-00 06:28:00","0000-00-00 06:50:00","0000-00-00 13:22:00","0000-00-00 14:00:00","0000-00-00 16:26:00","0000-00-00 17:15:00","0000-00-00 18:51:00","2 Min","0000-00-00 20:00:00","0000-00-00 20:30:00","0000-00-00 07:51:00"
"301","2013-10-28","0000-00-00 06:29:00","0000-00-00 06:50:00","0000-00-00 13:22:00","0000-00-00 14:00:00","0000-00-00 16:26:00","0000-00-00 17:15:00","0000-00-00 18:50:00","2 Min","0000-00-00 19:59:00","0000-00-00 20:30:00","0000-00-00 07:52:00"
"302","2013-10-29","0000-00-00 06:30:00","0000-00-00 06:50:00","0000-00-00 13:21:00","0000-00-00 14:00:00","0000-00-00 16:25:00","0000-00-00 17:15:00","0000-00-00 18:49:00","2 Min","0000-00-00 19:58:00","0000-00-00 20:30:00","0000-00-00 07:53:00"
"303","2013-10-30","0000-00-00 06:31:00","0000-00-00 06:50:00","0000-00-00 13:21:00","0000-00-00 14:00:00","0000-00-00 16:24:00","0000-00-00 17:15:00","0000-00-00 18:48:00","2 Min","0000-00-00 19:57:00","0000-00-00 20:30:00","0000-00-00 07:54:00"
"304","2013-10-31","0000-00-00 06:32:00","0000-00-00 06:50:00","0000-00-00 13:21:00","0000-00-00 14:00:00","0000-00-00 16:23:00","0000-00-00 17:15:00","0000-00-00 18:47:00","2 Min","0000-00-00 19:56:00","0000-00-00 20:30:00","0000-00-00 07:55:00"
"305","2013-11-01","0000-00-00 06:32:00","0000-00-00 06:50:00","0000-00-00 13:21:00","0000-00-00 14:00:00","0000-00-00 17:15:00","0000-00-00 17:15:00","0000-00-00 00:00:00","2 Min","0000-00-00 19:56:00","0000-00-00 20:30:00","0000-00-00 07:56:00"
"306","2013-11-02","0000-00-00 06:33:00","0000-00-00 06:50:00","0000-00-00 13:21:00","0000-00-00 14:00:00","0000-00-00 17:15:00","0000-00-00 17:15:00","0000-00-00 18:45:00","2 Min","0000-00-00 19:56:00","0000-00-00 20:30:00","0000-00-00 07:56:00"
"307","2013-11-03","0000-00-00 05:35:00","0000-00-00 06:15:00","0000-00-00 13:21:00","0000-00-00 14:00:00","0000-00-00 15:19:00","0000-00-00 16:15:00","0000-00-00 17:43:00","2 Min","0000-00-00 19:02:00","0000-00-00 19:45:00","0000-00-00 07:57:00"
"308","2013-11-04","0000-00-00 05:35:00","0000-00-00 06:15:00","0000-00-00 13:21:00","0000-00-00 14:00:00","0000-00-00 15:19:00","0000-00-00 16:15:00","0000-00-00 17:43:00","2 Min","0000-00-00 19:02:00","0000-00-00 19:45:00","0000-00-00 07:58:00"
"309","2013-11-05","0000-00-00 05:36:00","0000-00-00 06:15:00","0000-00-00 12:21:00","0000-00-00 14:00:00","0000-00-00 15:20:00","0000-00-00 16:15:00","0000-00-00 17:42:00","2 Min","0000-00-00 18:52:00","0000-00-00 19:45:00","0000-00-00 06:59:00"
"310","2013-11-06","0000-00-00 05:37:00","0000-00-00 06:15:00","0000-00-00 12:21:00","0000-00-00 14:00:00","0000-00-00 15:19:00","0000-00-00 16:15:00","0000-00-00 17:41:00","2 Min","0000-00-00 18:52:00","0000-00-00 19:45:00","0000-00-00 07:00:00"
"311","2013-11-07","0000-00-00 05:38:00","0000-00-00 06:15:00","0000-00-00 12:21:00","0000-00-00 14:00:00","0000-00-00 15:18:00","0000-00-00 16:15:00","0000-00-00 17:40:00","2 Min","0000-00-00 18:51:00","0000-00-00 19:45:00","0000-00-00 07:01:00"
"312","2013-11-08","0000-00-00 05:39:00","0000-00-00 06:15:00","0000-00-00 12:21:00","0000-00-00 14:00:00","0000-00-00 15:18:00","0000-00-00 16:15:00","0000-00-00 17:39:00","2 Min","0000-00-00 18:50:00","0000-00-00 19:45:00","0000-00-00 07:02:00"
"313","2013-11-09","0000-00-00 05:39:00","0000-00-00 06:15:00","0000-00-00 12:21:00","0000-00-00 14:00:00","0000-00-00 15:17:00","0000-00-00 16:15:00","0000-00-00 17:39:00","2 Min","0000-00-00 18:49:00","0000-00-00 19:45:00","0000-00-00 07:03:00"
"314","2013-11-10","0000-00-00 05:40:00","0000-00-00 06:15:00","0000-00-00 12:22:00","0000-00-00 14:00:00","0000-00-00 15:16:00","0000-00-00 16:15:00","0000-00-00 17:38:00","2 Min","0000-00-00 18:49:00","0000-00-00 19:45:00","0000-00-00 07:04:00"
"315","2013-11-11","0000-00-00 05:41:00","0000-00-00 06:15:00","0000-00-00 12:22:00","0000-00-00 14:00:00","0000-00-00 15:16:00","0000-00-00 16:15:00","0000-00-00 17:38:00","2 Min","0000-00-00 18:49:00","0000-00-00 19:45:00","0000-00-00 07:04:00"
"316","2013-11-12","0000-00-00 05:42:00","0000-00-00 06:15:00","0000-00-00 12:22:00","0000-00-00 14:00:00","0000-00-00 15:15:00","0000-00-00 16:15:00","0000-00-00 17:36:00","2 Min","0000-00-00 18:48:00","0000-00-00 19:45:00","0000-00-00 07:06:00"
"317","2013-11-13","0000-00-00 05:43:00","0000-00-00 06:15:00","0000-00-00 12:22:00","0000-00-00 14:00:00","0000-00-00 15:15:00","0000-00-00 16:15:00","0000-00-00 17:36:00","2 Min","0000-00-00 18:47:00","0000-00-00 19:45:00","0000-00-00 07:07:00"
"318","2013-11-14","0000-00-00 05:43:00","0000-00-00 06:15:00","0000-00-00 12:22:00","0000-00-00 14:00:00","0000-00-00 15:14:00","0000-00-00 16:15:00","0000-00-00 17:35:00","2 Min","0000-00-00 18:46:00","0000-00-00 19:45:00","0000-00-00 07:08:00"
"319","2013-11-15","0000-00-00 05:44:00","0000-00-00 06:15:00","0000-00-00 12:22:00","0000-00-00 14:00:00","0000-00-00 15:14:00","0000-00-00 16:00:00","0000-00-00 17:34:00","2 Min","0000-00-00 18:46:00","0000-00-00 19:45:00","0000-00-00 07:09:00"
"320","2013-11-16","0000-00-00 05:45:00","0000-00-00 06:15:00","0000-00-00 12:22:00","0000-00-00 14:00:00","0000-00-00 15:13:00","0000-00-00 16:00:00","0000-00-00 17:34:00","2 Min","0000-00-00 18:45:00","0000-00-00 19:45:00","0000-00-00 07:09:00"
"321","2013-11-17","0000-00-00 05:46:00","0000-00-00 06:15:00","0000-00-00 12:23:00","0000-00-00 14:00:00","0000-00-00 15:13:00","0000-00-00 16:00:00","0000-00-00 17:33:00","2 Min","0000-00-00 18:45:00","0000-00-00 19:45:00","0000-00-00 07:10:00"
"322","2013-11-18","0000-00-00 05:47:00","0000-00-00 06:15:00","0000-00-00 12:23:00","0000-00-00 14:00:00","0000-00-00 15:13:00","0000-00-00 16:00:00","0000-00-00 17:33:00","2 Min","0000-00-00 18:45:00","0000-00-00 19:45:00","0000-00-00 07:10:00"
"323","2013-11-19","0000-00-00 05:47:00","0000-00-00 06:15:00","0000-00-00 12:23:00","0000-00-00 14:00:00","0000-00-00 15:12:00","0000-00-00 16:00:00","0000-00-00 17:32:00","2 Min","0000-00-00 18:44:00","0000-00-00 19:45:00","0000-00-00 07:12:00"
"324","2013-11-20","0000-00-00 05:48:00","0000-00-00 06:15:00","0000-00-00 12:23:00","0000-00-00 14:00:00","0000-00-00 15:12:00","0000-00-00 16:00:00","0000-00-00 17:32:00","2 Min","0000-00-00 18:44:00","0000-00-00 19:45:00","0000-00-00 07:13:00"
"325","2013-11-21","0000-00-00 05:49:00","0000-00-00 06:15:00","0000-00-00 12:23:00","0000-00-00 14:00:00","0000-00-00 15:11:00","0000-00-00 16:00:00","0000-00-00 17:31:00","2 Min","0000-00-00 18:43:00","0000-00-00 19:45:00","0000-00-00 07:14:00"
"326","2013-11-22","0000-00-00 05:50:00","0000-00-00 06:15:00","0000-00-00 12:24:00","0000-00-00 14:00:00","0000-00-00 15:11:00","0000-00-00 16:00:00","0000-00-00 17:31:00","2 Min","0000-00-00 18:43:00","0000-00-00 19:45:00","0000-00-00 07:15:00"
"327","2013-11-23","0000-00-00 05:51:00","0000-00-00 06:15:00","0000-00-00 12:24:00","0000-00-00 14:00:00","0000-00-00 15:11:00","0000-00-00 16:00:00","0000-00-00 17:30:00","2 Min","0000-00-00 18:43:00","0000-00-00 19:45:00","0000-00-00 07:16:00"
"328","2013-11-24","0000-00-00 05:51:00","0000-00-00 06:15:00","0000-00-00 12:24:00","0000-00-00 14:00:00","0000-00-00 15:10:00","0000-00-00 16:00:00","0000-00-00 17:30:00","2 Min","0000-00-00 18:43:00","0000-00-00 19:45:00","0000-00-00 07:17:00"
"329","2013-11-25","0000-00-00 05:52:00","0000-00-00 06:15:00","0000-00-00 12:24:00","0000-00-00 14:00:00","0000-00-00 15:10:00","0000-00-00 16:00:00","0000-00-00 17:30:00","2 Min","0000-00-00 18:43:00","0000-00-00 19:45:00","0000-00-00 07:17:00"
"330","2013-11-26","0000-00-00 05:53:00","0000-00-00 06:15:00","0000-00-00 12:24:00","0000-00-00 14:00:00","0000-00-00 15:10:00","0000-00-00 16:00:00","0000-00-00 17:30:00","2 Min","0000-00-00 18:42:00","0000-00-00 19:45:00","0000-00-00 07:18:00"
"331","2013-11-27","0000-00-00 05:54:00","0000-00-00 06:15:00","0000-00-00 12:25:00","0000-00-00 14:00:00","0000-00-00 15:10:00","0000-00-00 16:00:00","0000-00-00 17:29:00","2 Min","0000-00-00 18:42:00","0000-00-00 19:45:00","0000-00-00 07:20:00"
"332","2013-11-28","0000-00-00 05:55:00","0000-00-00 06:15:00","0000-00-00 12:25:00","0000-00-00 14:00:00","0000-00-00 15:10:00","0000-00-00 16:00:00","0000-00-00 17:29:00","2 Min","0000-00-00 18:42:00","0000-00-00 19:45:00","0000-00-00 07:21:00"
"333","2013-11-29","0000-00-00 05:55:00","0000-00-00 06:15:00","0000-00-00 12:26:00","0000-00-00 14:00:00","0000-00-00 15:10:00","0000-00-00 16:00:00","0000-00-00 17:29:00","2 Min","0000-00-00 18:42:00","0000-00-00 19:45:00","0000-00-00 07:22:00"
"334","2013-11-30","0000-00-00 05:56:00","0000-00-00 06:15:00","0000-00-00 12:26:00","0000-00-00 14:00:00","0000-00-00 15:09:00","0000-00-00 16:00:00","0000-00-00 17:28:00","2 Min","0000-00-00 18:42:00","0000-00-00 19:45:00","0000-00-00 07:22:00"
"335","2013-12-01","0000-00-00 05:57:00","0000-00-00 06:25:00","0000-00-00 12:26:00","0000-00-00 14:00:00","0000-00-00 15:09:00","0000-00-00 16:00:00","0000-00-00 17:28:00","2 Min","0000-00-00 18:42:00","0000-00-00 19:45:00","0000-00-00 07:23:00"
"336","2013-12-02","0000-00-00 05:58:00","0000-00-00 06:25:00","0000-00-00 12:27:00","0000-00-00 14:00:00","0000-00-00 15:09:00","0000-00-00 16:00:00","0000-00-00 17:28:00","2 Min","0000-00-00 18:41:00","0000-00-00 19:45:00","0000-00-00 07:24:00"
"337","2013-12-03","0000-00-00 05:58:00","0000-00-00 06:25:00","0000-00-00 12:27:00","0000-00-00 14:00:00","0000-00-00 15:09:00","0000-00-00 16:00:00","0000-00-00 17:28:00","2 Min","0000-00-00 18:41:00","0000-00-00 19:45:00","0000-00-00 07:24:00"
"338","2013-12-04","0000-00-00 05:59:00","0000-00-00 06:25:00","0000-00-00 12:28:00","0000-00-00 14:00:00","0000-00-00 15:09:00","0000-00-00 16:00:00","0000-00-00 17:28:00","2 Min","0000-00-00 18:42:00","0000-00-00 19:45:00","0000-00-00 07:26:00"
"339","2013-12-05","0000-00-00 06:00:00","0000-00-00 06:25:00","0000-00-00 12:28:00","0000-00-00 14:00:00","0000-00-00 15:09:00","0000-00-00 16:00:00","0000-00-00 17:28:00","2 Min","0000-00-00 18:42:00","0000-00-00 19:45:00","0000-00-00 07:27:00"
"340","2013-12-06","0000-00-00 06:01:00","0000-00-00 06:25:00","0000-00-00 12:28:00","0000-00-00 14:00:00","0000-00-00 15:09:00","0000-00-00 16:00:00","0000-00-00 17:28:00","2 Min","0000-00-00 18:42:00","0000-00-00 19:45:00","0000-00-00 07:28:00"
"341","2013-12-07","0000-00-00 06:01:00","0000-00-00 06:25:00","0000-00-00 12:29:00","0000-00-00 14:00:00","0000-00-00 15:09:00","0000-00-00 16:00:00","0000-00-00 17:28:00","2 Min","0000-00-00 18:42:00","0000-00-00 19:45:00","0000-00-00 07:28:00"
"342","2013-12-08","0000-00-00 06:02:00","0000-00-00 06:25:00","0000-00-00 12:29:00","0000-00-00 14:00:00","0000-00-00 15:10:00","0000-00-00 16:00:00","0000-00-00 17:28:00","2 Min","0000-00-00 18:42:00","0000-00-00 19:45:00","0000-00-00 07:29:00"
"343","2013-12-09","0000-00-00 06:03:00","0000-00-00 06:25:00","0000-00-00 12:30:00","0000-00-00 14:00:00","0000-00-00 15:10:00","0000-00-00 16:00:00","0000-00-00 17:28:00","2 Min","0000-00-00 18:42:00","0000-00-00 19:45:00","0000-00-00 07:30:00"
"344","2013-12-10","0000-00-00 06:03:00","0000-00-00 06:25:00","0000-00-00 12:30:00","0000-00-00 14:00:00","0000-00-00 15:10:00","0000-00-00 16:00:00","0000-00-00 17:28:00","2 Min","0000-00-00 18:42:00","0000-00-00 19:45:00","0000-00-00 07:30:00"
"345","2013-12-11","0000-00-00 06:04:00","0000-00-00 06:25:00","0000-00-00 12:30:00","0000-00-00 14:00:00","0000-00-00 15:10:00","0000-00-00 16:00:00","0000-00-00 17:28:00","2 Min","0000-00-00 18:42:00","0000-00-00 19:45:00","0000-00-00 07:31:00"
"346","2013-12-12","0000-00-00 06:05:00","0000-00-00 06:25:00","0000-00-00 12:31:00","0000-00-00 14:00:00","0000-00-00 15:10:00","0000-00-00 16:00:00","0000-00-00 17:29:00","2 Min","0000-00-00 18:43:00","0000-00-00 19:45:00","0000-00-00 07:32:00"
"347","2013-12-13","0000-00-00 06:05:00","0000-00-00 06:25:00","0000-00-00 12:31:00","0000-00-00 14:00:00","0000-00-00 15:11:00","0000-00-00 16:00:00","0000-00-00 17:29:00","2 Min","0000-00-00 18:43:00","0000-00-00 19:45:00","0000-00-00 07:33:00"
"348","2013-12-14","0000-00-00 06:06:00","0000-00-00 06:25:00","0000-00-00 12:32:00","0000-00-00 14:00:00","0000-00-00 15:11:00","0000-00-00 16:00:00","0000-00-00 17:29:00","2 Min","0000-00-00 18:43:00","0000-00-00 19:45:00","0000-00-00 07:34:00"
"349","2013-12-15","0000-00-00 06:06:00","0000-00-00 06:30:00","0000-00-00 12:32:00","0000-00-00 14:00:00","0000-00-00 15:11:00","0000-00-00 16:00:00","0000-00-00 17:29:00","2 Min","0000-00-00 18:44:00","0000-00-00 19:45:00","0000-00-00 07:34:00"
"350","2013-12-16","0000-00-00 06:07:00","0000-00-00 06:30:00","0000-00-00 12:33:00","0000-00-00 14:00:00","0000-00-00 15:12:00","0000-00-00 16:00:00","0000-00-00 17:30:00","2 Min","0000-00-00 18:44:00","0000-00-00 19:45:00","0000-00-00 07:35:00"
"351","2013-12-17","0000-00-00 06:08:00","0000-00-00 06:30:00","0000-00-00 12:33:00","0000-00-00 14:00:00","0000-00-00 15:12:00","0000-00-00 16:00:00","0000-00-00 17:30:00","2 Min","0000-00-00 18:44:00","0000-00-00 19:45:00","0000-00-00 07:35:00"
"352","2013-12-18","0000-00-00 06:08:00","0000-00-00 06:30:00","0000-00-00 12:33:00","0000-00-00 14:00:00","0000-00-00 15:12:00","0000-00-00 16:00:00","0000-00-00 17:30:00","2 Min","0000-00-00 18:44:00","0000-00-00 19:45:00","0000-00-00 07:36:00"
"353","2013-12-19","0000-00-00 06:09:00","0000-00-00 06:30:00","0000-00-00 12:34:00","0000-00-00 14:00:00","0000-00-00 15:13:00","0000-00-00 16:00:00","0000-00-00 17:31:00","2 Min","0000-00-00 18:45:00","0000-00-00 19:45:00","0000-00-00 07:37:00"
"354","2013-12-20","0000-00-00 06:09:00","0000-00-00 06:30:00","0000-00-00 12:35:00","0000-00-00 14:00:00","0000-00-00 15:13:00","0000-00-00 16:00:00","0000-00-00 17:31:00","2 Min","0000-00-00 18:46:00","0000-00-00 19:45:00","0000-00-00 07:37:00"
"355","2013-12-21","0000-00-00 06:10:00","0000-00-00 06:30:00","0000-00-00 12:35:00","0000-00-00 14:00:00","0000-00-00 15:14:00","0000-00-00 16:00:00","0000-00-00 17:32:00","2 Min","0000-00-00 18:46:00","0000-00-00 19:45:00","0000-00-00 07:38:00"
"356","2013-12-22","0000-00-00 06:10:00","0000-00-00 06:30:00","0000-00-00 12:36:00","0000-00-00 14:00:00","0000-00-00 15:14:00","0000-00-00 16:00:00","0000-00-00 17:32:00","2 Min","0000-00-00 18:47:00","0000-00-00 19:45:00","0000-00-00 07:39:00"
"357","2013-12-23","0000-00-00 06:11:00","0000-00-00 06:30:00","0000-00-00 12:36:00","0000-00-00 14:00:00","0000-00-00 15:15:00","0000-00-00 16:00:00","0000-00-00 17:33:00","2 Min","0000-00-00 18:47:00","0000-00-00 19:45:00","0000-00-00 07:39:00"
"358","2013-12-24","0000-00-00 06:11:00","0000-00-00 06:30:00","0000-00-00 12:37:00","0000-00-00 14:00:00","0000-00-00 15:15:00","0000-00-00 16:00:00","0000-00-00 17:33:00","2 Min","0000-00-00 18:48:00","0000-00-00 19:45:00","0000-00-00 07:40:00"
"359","2013-12-25","0000-00-00 06:12:00","0000-00-00 06:30:00","0000-00-00 12:37:00","0000-00-00 14:00:00","0000-00-00 15:15:00","0000-00-00 16:00:00","0000-00-00 17:33:00","2 Min","0000-00-00 18:48:00","0000-00-00 19:45:00","0000-00-00 07:40:00"
"360","2013-12-26","0000-00-00 06:12:00","0000-00-00 06:30:00","0000-00-00 12:38:00","0000-00-00 14:00:00","0000-00-00 15:16:00","0000-00-00 16:00:00","0000-00-00 17:34:00","2 Min","0000-00-00 18:49:00","0000-00-00 19:45:00","0000-00-00 07:40:00"
"361","2013-12-27","0000-00-00 06:12:00","0000-00-00 06:30:00","0000-00-00 12:38:00","0000-00-00 14:00:00","0000-00-00 15:17:00","0000-00-00 16:00:00","0000-00-00 17:35:00","2 Min","0000-00-00 18:49:00","0000-00-00 19:45:00","0000-00-00 07:41:00"
"362","2013-12-28","0000-00-00 06:13:00","0000-00-00 06:30:00","0000-00-00 12:39:00","0000-00-00 14:00:00","0000-00-00 15:18:00","0000-00-00 16:00:00","0000-00-00 17:36:00","2 Min","0000-00-00 18:50:00","0000-00-00 19:45:00","0000-00-00 07:41:00"
"363","2013-12-29","0000-00-00 06:13:00","0000-00-00 06:30:00","0000-00-00 12:39:00","0000-00-00 14:00:00","0000-00-00 15:18:00","0000-00-00 16:00:00","0000-00-00 17:36:00","2 Min","0000-00-00 18:51:00","0000-00-00 19:45:00","0000-00-00 07:41:00"
"364","2013-12-30","0000-00-00 06:13:00","0000-00-00 06:30:00","0000-00-00 12:40:00","0000-00-00 14:00:00","0000-00-00 15:19:00","0000-00-00 16:00:00","0000-00-00 17:37:00","2 Min","0000-00-00 18:51:00","0000-00-00 19:45:00","0000-00-00 07:42:00"
"365","2013-12-31","0000-00-00 06:14:00","0000-00-00 06:30:00","0000-00-00 12:40:00","0000-00-00 14:00:00","0000-00-00 15:20:00","0000-00-00 16:00:00","0000-00-00 17:38:00","2 Min","0000-00-00 18:52:00","0000-00-00 19:45:00","0000-00-00 07:42:00"
"366","2016-02-29","0000-00-00 06:14:00","0000-00-00 06:30:00","0000-00-00 12:50:00","0000-00-00 14:00:00","0000-00-00 16:04:00","0000-00-00 17:00:00","0000-00-00 18:32:00","2 Min","0000-00-00 19:41:00","0000-00-00 20:15:00","0000-00-00 07:08:00"
